EAN,price,stock_ee
4893156027375,8.46,100
4893156027382,8.46,100
4893156027498,8.46,100
4893156027535,8.46,100
4893156032218,7.15,44
4893156032324,7.15,16
4893156032379,7.15,39
4893156032577,7.15,55
4893156032898,11.55,100
4893156032966,8.46,100
4893156033512,8.46,51
4893156033789,11.55,100
4893156033970,7.15,100
4893156034076,10,6
4893156034168,11.8,5
4893156034335,9,100
4893156034403,8.46,66
4893156034489,11.55,100
4893156034571,7.15,100
4893156034595,7.15,100
4893156034601,10,100
4893156036155,2.95,100
4893156039156,13.45,25
4893156039170,8.46,100
4893156039194,8.46,12
4893156039262,13.45,100
4893156039286,13.45,100
4893156039293,6,4
4893156039309,6,68
4893156039316,6,100
4893156039323,13.45,100
4893156046451,3.8,64
4893156047410,8.46,100
4893156047502,2.95,100
4893156047519,8.46,48
4893156047700,5.9,85
4893156047724,8.46,6
4893156047762,8.46,11
4893156047779,5.9,100
4893156047786,6.2,100
4893156047885,8.46,6
4893156047915,8.46,100
4893156047991,8.46,100
4893156048004,5.9,100
4893156052155,4.2,100
4893156059390,2.95,47
8710341001117,8.55,2
4893156132345,7.15,21
8710341002442,7.15,8
8411936732521,9.27,100
8710341003937,13.36,12
8710341003975,11.18,26
021105048858,4.5,3
6416739004891,2.05,100
3021105051510,4.5,5
3021105052173,16.11,47
0773554053647,14.73,20
8058664003471,32.26,34
8710341008390,6.9,56
8710341008765,10,35
8710341009410,13.8,2
8710341009434,14.95,95
8710341009441,23,17
8710341009458,14.95,28
8710341010072,8.6,64
5900511010329,3.38,1
8710341011314,9.6,15
8710341011543,10.4,5
8710341011550,10.4,24
8710341012724,9.41,57
8710341012854,7.9,79
8710341012915,11.3,47
8710341013424,11.56,10
8710341013547,10.4,6
8710341013561,14.4,30
8710341013592,10.4,4
8710341014063,13.2,37
5900511014198,13,100
5900511014679,13,100
5900511014686,13,100
5900511014938,8.6,100
5900511014990,13,100
5900511015003,13,100
5900511015010,13,100
5900511015027,13,1
5900511015034,13,100
5900511015041,13,100
5900511016406,13,68
5900511016901,12.5,100
5900511017557,7.47,100
5900511017564,5.95,67
6416739017655,12.1,64
8058664051830,3.22,10
5900511018929,4.26,100
5900511018950,4.26,100
5900511018967,6.88,25
5900511019315,4.26,100
5900511020069,9.7,100
5900511020076,9.7,56
5900511020083,8.56,83
5900511020663,4.26,66
5900511020670,6.88,100
5900511020687,6.88,100
6416739021379,8.3,100
6416739021386,7.36,86
6416739021409,7.36,47
8710341022037,6.1,54
8710341022051,6.7,87
8710341022068,2.4,100
5900511022070,9.7,49
5900511022131,11.5,100
5900511022148,13,100
5900511022377,11.5,100
8710341022488,7.9,44
8710341022518,6.6,100
8710341022525,11.4,100
8710341022563,6.6,30
5900511022568,9.4,100
8710341022570,19.95,100
8710341022600,10.8,99
5900511022629,9.4,100
5900511022636,9.4,100
5900511022643,6.45,100
5900511022667,6.45,63
5900511022674,6.45,97
5900511022681,6.45,98
5900511022698,6.45,100
5900511022704,6.45,74
5900511022711,6.45,85
8710341022723,6.6,100
5900511022728,6.45,47
5900511022735,6.45,95
8710341022792,6.6,100
6416739022857,2.39,100
8003670743637,3.15,30
8003670743651,3.15,32
8710341023225,7,48
8710341023232,10.47,50
5900511023695,13.2,100
5900511023701,13.2,100
5900511023718,15,100
5900511023725,15,100
5900511023732,15,100
5900511024715,9.9,73
5900511024708,20,13
5900511024180,6.88,100
5900511024197,6.88,40
5900511024890,2.5,100
5900511024906,2.5,100
5900511024913,2.5,100
5900511024968,17.8,100
5900511024975,17.8,100
5900511024999,17.8,18
5900511025002,17.8,8
5900511025026,11.55,100
5900511025033,11.55,100
5900511025040,11.55,100
5900511025330,9.7,100
5900511025835,7.2,100
5900511025842,7.2,100
5900511025903,6.88,19
5900511025965,7.2,100
5900511026566,6.88,100
5900511026597,10.85,100
5900511026665,10.8,100
5900511026672,18.9,100
5900511026689,9.2,100
5900511026696,9.2,100
5900511026702,6.6,100
5900511026719,10.8,47
5900511026726,10.8,100
5900511026825,6.6,100
5900511027273,2.5,100
5900511027457,7.2,100
5900511027471,7.2,52
5900511027853,10.75,100
5900511027860,10.75,100
8059147057912,15.72,65
5900511028584,6.29,100
5900511028607,6.29,100
5900511029543,10.75,39
5900511029680,10.75,100
6416739030906,34,40
6416739030951,13.8,70
0686141032478,7.98,100
0686141032508,3.99,100
0812404003583,3.94,36
812404003965,1.76,6
71662408664,6.37,48
71662408985,5.5,59
71662026646,4.96,6
71662127404,4.96,35
71662027469,5.72,38
71662042851,6.9,2
071662029470,10.66,78
071662029487,10.66,72
071662029517,10.66,89
812404004535,1.58,3
812404004542,1.58,13
0071662058647,5.3,24
812404004597,1.58,26
071662069186,6.55,100
71662470241,5.72,46
71662470258,4.96,55
8058664011926,5.2,54
812404006652,2.58,89
812404008489,5.17,15
5900511084955,0.98,100
5900511084986,0.98,100
5900511085044,0.98,48
5900511085068,0.98,100
5900511085082,0.98,48
5900511085099,0.98,9
5900511085112,0.98,100
5900511089783,0.98,100
8058664080182,2.87,100
8058664080199,2.18,100
8058664080205,1.37,14
8058664080717,3.88,74
8058664123568,13.05,81
8058664123575,13.05,100
4743199010141,14.03,100
638241100076,7.01,100
8721017602057,14.03,100
638241100137,5.12,100
5711013126858,18.92,7
5711013150044,16.64,43
5711013145934,16.64,46
5711013150051,16.64,50
5711013150914,16.64,80
5711013149499,5.58,68
5711013149505,5.58,68
5711013150501,5.58,79
5711013151003,5.58,63
5711013146139,5.58,68
194029100503,55.4,100
5711013149321,5.13,71
5711013146061,5.13,57
5711013149314,5.13,73
5711013151416,5.13,74
5711013127251,8.35,20
8710126199589,20.82,100
5900511100808,4.95,100
5711013128418,5.28,70
5711013149536,4.66,100
5711013146146,4.66,100
5711013149512,4.66,100
5711013151010,4.66,100
5711013149529,4.66,100
3555801359019,7.19,100
4894716102006,32.9,100
5900511102222,4.95,61
5900511103946,4.95,68
5900511103953,4.95,100
5900511104042,4.95,39
5900511104059,4.95,85
4894716104154,57.27,3
5900511104363,4.95,84
5900511104424,4.95,76
5900511104431,4.95,71
5900511104455,4.95,94
5900511104462,4.95,96
5900511104479,4.95,97
5900511104486,4.95,100
5900511104615,4.95,100
5900511104660,4.95,35
5900511104677,4.95,24
5900511104684,4.95,100
8058664136476,4.74,100
8058664136490,4.74,100
8058664136506,4.74,100
8058664136537,6.79,6
5900511104998,4.95,50
8058664151349,17.42,100
8058664151356,17.42,100
5900511105223,4.95,61
5900511105551,4.95,18
5900511105568,4.95,90
5900511105582,4.95,72
5900511105605,4.95,4
5900511105957,4.95,100
5900511105964,4.95,73
5900511105971,4.95,18
5900511106015,4.95,100
4894716106226,28.4,100
5900511106220,4.95,100
5900511106237,4.95,64
5900511106299,4.95,41
5900511106305,4.95,7
4894716106523,23.23,55
5900511106633,4.95,76
5900511106640,4.95,100
5900511106664,4.95,100
5900511106688,4.95,99
5900511106695,4.95,89
5900511106701,4.95,100
5900511106756,4.95,2
5900511106770,4.95,75
5900511106787,4.95,100
5900511106794,4.95,100
5900511106800,4.95,100
5900511106862,4.95,8
5900511106879,4.95,100
5900511106893,4.95,100
5900511106909,4.95,100
5900511106916,9.2,75
5900511106923,9.2,1
5900511106930,9.2,28
5900511106947,9.2,73
5900511106954,9.2,55
5900511106961,9.2,60
5900511106978,9.2,58
5900511106985,9.2,29
5900511106992,9.2,7
5900511107005,9.2,51
5900511107012,9.2,26
5900511107029,9.2,28
5900511107036,9.2,33
5900511107043,9.2,22
5900511107050,9.2,29
5900511107074,4.95,36
5900511107111,4.95,97
5900511107173,4.95,3
5900511107203,4.95,100
5900511107227,4.95,4
5900511107241,4.95,74
5900511107258,4.95,88
5900511107272,4.95,100
000772107341,12.2,2
5900511107425,4.95,100
5900511107432,4.95,96
5900511107463,4.95,88
5900511107470,4.95,24
5900511107487,4.95,100
5900511107494,4.95,23
5900511107548,4.95,77
5900511107562,9.2,9
5900511107661,4.95,28
5900511107906,4.95,100
5900511107937,4.95,100
5900511107951,4.95,89
5900511107975,6.19,98
5900511107982,4.95,96
5900511107999,6.19,69
5900511108057,6.19,2
5900511108118,6.19,100
5900511108125,6.19,23
5900511108132,6.19,19
5900511108149,6.19,17
5900511108156,6.19,62
5900511108170,6.19,30
5900511108187,6.19,5
5900511108194,4.95,73
5900511108217,6.19,71
5900511108224,6.19,72
5900511108231,6.19,95
5900511108262,6.19,60
5900511108279,6.19,54
5900511108286,6.19,13
5900511108354,6.19,71
5900511108361,6.19,74
5900511108378,6.19,24
5900511108385,6.19,23
5900511108422,6.19,10
5900511108460,6.19,13
5900511108538,6.19,12
5900511108576,6.19,5
5900511108606,4.95,100
5900511108637,6.19,56
5900511108804,4.95,3
5900511108989,6.19,80
5900511109030,6.19,14
5900511109214,4.95,100
5900511109221,4.95,100
5900511109238,4.95,100
5900511109269,4.95,61
5900511109276,4.95,47
5900511109290,4.95,100
5900511109412,4.95,100
9001890110313,2.5,100
0889698110648,10.52,76
5900511111101,5.75,1
5900511111125,5.75,39
5900511111132,5.75,29
5900511111156,5.75,32
8058664151400,8.39,25
8058664151417,8.39,6
760939626374,13.9,100
760939626381,9.21,100
5056577768176,5.7,100
882041054217,10.52,100
9001890112218,2.5,100
9001890112317,2.5,100
5056577762051,9.5,100
5056577762037,13.9,100
695929012021,4.22,9
695929012045,4.22,100
4743199012046,13.23,100
4743199012053,13.23,100
4743199012060,13.23,100
4743199012077,13.23,100
4743199012084,13.23,100
4743199012091,12.08,36
695929012052,4.22,100
0035051120698,10.88,100
695929012069,4.22,100
5900511120752,6.19,59
5900511120776,6.19,59
0695929012076,4.22,91
5900511120844,6.19,100
5900511120851,6.19,12
35051120957,79.8,100
035051121046,10.68,100
035051121053,10.68,100
695929012113,4.22,100
35051121497,9.45,100
695929012168,4.22,100
0695929012175,4.22,100
8886457612605,6.64,100
0723459127776,24.3,71
0723459128575,24.3,17
0889698129978,10.52,47
810054665434,4.79,100
5034566603288,13.53,100
037977130522,14.62,16
810054665441,10.77,100
695929013134,7.16,100
695929013165,7.16,35
695929013172,7.16,100
695929013189,7.16,100
9001890132216,1.85,100
695929013226,7.16,100
0695929013233,7.16,100
0695929013264,7.16,100
0695929013288,7.16,100
0695929013295,7.16,100
5900511133080,4.54,33
5900511133097,4.54,41
5900511133103,4.54,27
5900511133110,4.54,97
5900511133288,3.86,56
0889698135597,10.52,26
9001890136214,4.54,100
5050837361817,6.91,100
5050837362319,6.91,100
5050837432319,4.03,29
5050837556817,12.36,72
5050837703310,6.91,100
4059433025612,3.68,100
4005086137714,3.68,80
4059433816111,4.48,58
4059433025568,6.51,71
4059433816142,3.68,34
4059433816159,3.68,52
3417761383155,14.97,86
4059433816296,6.51,31
4055744012570,3.68,62
4055744018077,6.51,62
4055744020575,6.51,82
4055744029271,6.51,100
4059433025599,4.48,48
4059433864075,6.51,68
4059433692197,5.28,100
4059433029153,6.51,62
4059433690278,6.51,61
4059433177137,6.51,3
4059433142210,4.48,86
4059433358260,4.48,64
4059433430270,3.68,81
4059433691855,4.48,100
4059433362168,4.48,100
4059433362502,4.48,100
9001890139314,1.85,100
4059433363226,3.68,100
4059433363554,6.51,91
4059433863887,6.51,73
4059433863900,6.51,76
4059433461106,4.48,45
4059433357195,6.51,88
4059433379487,6.51,64
4059433486673,4.48,42
4059433557519,4.48,86
4059433863986,6.51,61
4059433537863,6.51,8
4059433863993,6.51,99
4059433537931,5.28,79
4059433552231,4.48,34
4059433527611,3.68,69
4059433578279,3.68,72
4059433527628,4.48,97
4059433490847,4.48,79
4059433789293,4.48,91
4059433789323,4.48,76
4059433789330,5.28,56
4059433789347,7.7,100
4059433789408,3.68,70
4059433753621,6.51,58
4059433753652,6.51,45
4069111112800,5.28,50
6416739140049,9.4,100
6416739140063,21.25,14
8710341140175,7.5,37
6416739140247,8,100
6416739140261,8,82
8710341140274,7.5,10
8710341140335,9.95,100
8710341140519,5,49
8710341140618,7.38,7
8710341140625,9.61,37
8710341140632,9.61,1
5034566327689,13.53,6
8710341141196,7.4,59
8710341141288,8.5,27
8710341141424,8.75,41
5050841621211,7.5,100
5050841622812,1.19,100
5050841644913,3.16,100
5050841645019,3.16,100
5050841656619,11.43,100
5050841662115,6.49,36
5050841665710,18.72,100
5050841669015,3.04,100
5050841680317,9.25,100
5050841713015,6.49,100
5050841715415,12.16,81
5050841724912,6.91,100
5050841725919,12.18,100
5050841729412,2.34,100
5050841734911,27.74,100
5050841743210,1.24,100
5050841758016,4.59,100
5050841758214,4.59,100
5050841762716,4.19,100
9001890142314,2.5,100
000772142465,5.76,74
8710341142810,4.9,87
5900511142839,4.83,37
5900511142945,4.83,2
5900511142983,4.83,37
000772143066,5.76,34
5900511143065,4.83,44
5056577751338,16.5,31
5900511143218,4.83,41
9001890143410,1,100
5900511143485,4.83,47
5900511143515,4.83,15
5900511143522,4.83,35
5900511143539,4.83,19
5900511143546,4.83,5
5900511143553,4.83,23
5900511143591,4.83,14
5900511143621,4.83,3
5900511143652,4.83,17
5900511143669,4.83,34
9001890143915,2.5,100
8710341144043,6.8,22
8710341144210,9.05,38
8710341144463,8.9,9
8710341144654,9.05,13
8710341144753,6.22,28
8710341144760,5,11
8710341144838,7.6,30
8710341144845,5.5,14
4055744008900,12.67,12
4055744009419,16.59,71
0695929014612,13.16,22
8710341146320,10.85,1
8710341146351,5.75,30
8710341146450,9.3,8
4005086146853,6.51,45
9001890146916,2.5,79
8710341147013,7.6,20
8710341147037,10.45,32
4059433811963,3.68,78
8710341147105,9.87,22
8710341147112,9.9,17
4005086147270,6.51,65
4005086147300,4.48,53
4005086147324,4.48,75
4005086147379,5.28,100
889698147460,10.52,1
4005086147492,6.51,17
4005086147508,6.51,33
4005086147515,4.48,43
4005086147560,5.28,1
4059433837963,7.81,8
4005086147638,4.48,49
4055744012662,5.28,51
4059433692180,6.51,100
4059433869766,4.48,30
4059433816333,4.48,77
4055744019777,6.51,24
4055744020810,3.68,58
4055744020834,4.48,71
4055744020841,6.51,100
5900511148176,4.65,32
5900511148190,4.65,100
4055744029622,3.68,56
5900511148206,4.65,100
4055744033667,4.48,74
4055744029660,5.28,5
8710341148270,7.8,23
5900511148299,4.65,83
5900511148329,4.65,65
8710341148386,6.65,21
4059433027326,5.28,6
4059433325781,4.48,56
4059433691831,4.48,18
4059433364551,5.28,100
4059433454061,3.68,50
4059433454412,3.68,85
4059433692258,5.28,85
4059433454764,5.28,72
4059433455457,6.51,84
4059433364902,4.48,67
4059433532318,5.28,97
4059433863948,5.28,95
4059433540443,5.28,49
4059433532301,3.68,86
4059433527581,3.68,33
4059433543772,4.48,50
4059433637693,4.48,44
4059433637730,3.68,42
4059433789842,3.68,65
4059433731261,5.28,62
4059433762258,5.28,85
4059433762241,10.14,88
4059433763293,3.68,55
8710341148904,10.9,74
9001890148910,2.5,100
193052066404,22.08,100
8710341149253,11.05,86
8710341149758,9.8,29
4059433029290,12.67,100
4059433029962,12.67,51
4059433029979,12.67,42
4059433276878,12.67,24
4059433285290,12.67,66
4059433304182,16.59,53
4059433363899,12.67,82
4059433364223,15.18,48
4059433637808,12.67,36
4059433637815,16.59,34
4059433667027,9.17,100
4059433732039,13.01,35
4059433848389,15.97,78
4059433760025,12.08,60
5034566327917,13.53,100
5034566327955,13.53,100
5900511153569,3.05,55
5900511153606,3.05,12
5900511153712,3.05,100
5900511153736,3.05,100
5900511153743,3.05,7
5900511154078,3.05,100
9001890154119,2.5,100
5900511154115,3.05,23
5900511154122,3.05,100
5900511154139,3.05,6
5900511154153,3.05,100
5900511154191,3.05,100
5900511154214,3.05,100
5900511154238,3.05,9
5900511154306,3.05,100
5900511154313,3.05,100
8058664086542,7.64,72
8058664086559,7.64,100
9001890161513,2.5,100
4008332161723,2.35,91
9001890162015,2.5,100
5900511162776,2.9,100
4008332162805,3.14,100
4008332163352,2.35,5
4008332163369,6.38,100
5900511163582,2.9,100
5900511163643,2.9,12
5900511163872,2.9,100
4059433811994,4.48,6
4005086163973,4.48,17
5900511164176,2.9,100
5900511164206,2.9,100
5900511164213,2.9,59
5900511164312,2.9,100
5900511164411,2.9,100
9001890164415,2.5,100
5900511164541,2.9,100
5900511164572,2.9,100
5900511164589,2.9,100
5900511164619,2.9,93
4008332164632,5.64,6
5900511164633,2.9,100
5900511164640,2.9,89
5900511164657,2.9,27
5900511164664,2.9,85
5900511164732,2.9,100
5900511164770,2.9,100
5900511164862,2.9,100
5900511164893,2.9,13
5900511164909,2.9,100
5900511164916,2.9,82
5900511164930,2.9,100
5900511164947,2.9,100
5900511164954,2.9,100
5900511164978,2.9,100
9001890164910,2.5,100
5900511165210,2.9,100
9001890165214,2.5,100
4005086168312,4.48,2
0622222168452,17.58,3
9001890168918,2.5,100
4008332169859,2.35,14
4008332169866,2.35,100
9001890169915,2.5,74
5034566263253,11.52,100
4008332170275,5.56,1
4894856704405,11.52,100
5034566328419,13.53,100
4008332170848,1.72,27
4008332170909,5.57,100
4894856111340,9.57,100
4894856111357,9.57,100
9001890171314,2.5,100
9001890171611,2.5,100
0695929017187,8.78,30
695929017217,12.69,100
695929017224,12.69,100
695929017248,12.69,100
695929017286,12.69,100
695929017293,12.69,100
5900511173192,2.55,16
5900511173260,2.55,20
5900511173277,2.55,100
5900511173338,2.55,100
5900511173420,2.55,1
5900511173567,2.55,100
5900511173574,2.55,100
5900511173598,2.55,93
0695929017354,9.09,100
5900511173604,2.55,100
5900511173611,2.55,24
5900511173642,2.55,100
5900511173710,2.55,100
5900511173727,2.55,95
5900511173734,2.55,63
5900511173741,2.55,60
5900511173758,2.55,100
5900511173796,2.55,100
5900511173802,2.55,100
5900511173840,2.55,100
5900511173864,2.55,42
5900511173871,2.55,100
5900511173895,2.55,100
5900511173901,2.55,41
5900511173925,2.55,68
5900511173956,2.55,100
5900511173970,2.55,100
5900511174038,2.9,100
5900511174045,2.55,91
5900511174076,2.55,100
0622222174095,17.58,55
0695929017422,9.09,100
0622222174590,3.83,24
0695929017576,7.92,100
0630996180372,6.88,52
0695929018030,19.78,25
5034566611719,13.53,100
4894856812308,8.45,100
5900511182361,2.5,19
5900511182453,2.5,100
5900511182538,2.5,94
5900511182798,2.5,66
5900511182866,2.5,100
5900511182897,2.5,28
5900511182934,2.5,100
5900511182996,2.5,100
5900511183016,2.5,100
5900511183023,2.5,100
5900511183047,2.5,2
5900511183054,2.5,92
5900511183061,2.5,100
5900511183078,2.5,100
5900511183085,2.5,100
810017184934,34.14,71
0810017187034,21.8,2
0810017187041,21.8,100
0631291188162,20.16,12
4894856900203,8.45,60
092943334762,6.5,12
4894856190260,6.5,100
4894856903808,11.52,100
4894856904003,11.52,100
000772191142,5.76,1
4894856123220,6.5,65
4008332193922,4.2,53
4743199019458,4.55,100
4743199049455,4.55,100
4743199039456,4.55,100
4743199029457,4.55,100
4743199019465,4.55,100
4743199049462,4.55,100
4743199039463,4.55,100
4743199029464,4.55,93
4743199019489,4.55,100
4743199039487,4.55,100
4743199029488,4.55,100
4743199019496,4.55,100
4743199049493,4.55,100
4743199039494,4.55,100
4743199029495,4.55,100
4743199019533,5.03,100
4743199049530,5.03,100
4743199039531,5.03,50
4743199029532,5.03,100
4743199019557,5.03,100
4743199049554,5.03,100
4743199039555,5.03,100
4743199029556,5.03,100
4743199049561,5.03,100
4743199039562,5.03,100
4743199049585,5.03,100
4743199039586,5.03,100
5034566350038,12.41,66
5034566350120,12.41,100
4894856200983,12.41,100
5034566350052,12.41,86
5034566350045,12.41,100
5034566350205,12.41,77
5034566335325,6.5,1
4897108240874,8.48,100
5034566613652,13.53,100
5034566017962,13.88,100
5034566613638,13.53,88
5034566613645,13.53,100
5711013149482,7.08,100
5711013146122,7.08,100
5711013150990,7.08,100
5034566350328,12.41,100
5034566350342,12.41,100
5034566350427,12.41,100
5711013149369,17.94,74
5711013146085,17.94,73
5711013150495,17.94,79
5711013150952,17.94,70
5711013149376,17.94,75
4894856009111,6.5,27
5034566335707,6.5,32
4894856009159,6.5,100
5034566337855,6.5,57
4894856091222,6.5,58
5034566337923,6.5,60
4894856200921,6.5,100
194029201002,21.99,54
4894856201010,6.5,100
4894856010339,8.05,100
4894856010353,8.05,100
194029201200,21.99,100
5900511201437,23.8,14
889698201469,10.52,13
5900511201475,23.8,14
5900511201499,23.8,9
5900511201505,23.8,34
5711013145989,68.7,80
5711013150181,68.7,44
5900511201864,8.95,1
5900511201918,8.95,5
4891813202035,16.52,6
5711013090722,31.52,36
5711013090708,31.52,35
5711013090685,31.52,16
5711013126902,31.52,79
5711013090883,16.64,59
5711013090913,16.64,59
5711013095529,16.64,21
5711013126896,16.64,95
5711013150211,66.93,43
5711013146009,66.93,48
5711013126889,26.52,6
5711013150082,23.25,38
5711013145941,23.25,43
5711013150075,23.25,22
5711013150921,23.25,52
5711013150099,23.25,32
0810054661719,13.76,100
5711013150266,36.91,71
5711013146023,36.91,74
5711013150259,36.91,45
5711013150938,59.49,43
5711013150242,59.49,42
4891813202578,27.93,20
5711013150136,27.89,53
5711013145965,27.89,51
5711013150143,27.89,49
5711013150167,17.67,61
5711013145972,17.67,57
5711013150150,17.67,47
4891813202882,18.37,24
5711013150662,3.83,56
5711013150679,3.83,50
5711013150686,3.83,55
4891813202905,14.11,100
5711013149420,23.25,70
5711013146108,23.25,54
5711013149437,23.25,57
5711013150976,23.25,76
5711013149444,23.25,48
3021105950400,5.86,100
3021105950523,5.92,100
3021105950684,6.4,8
4891813206408,9.98,77
4891813206422,9.98,100
4891813207214,17.08,100
4894716207510,19.59,55
4894716207527,18.61,58
4894856002600,11.52,6
5034566350526,12.41,100
5034566350489,12.41,100
4894856018960,6.5,95
4894856038104,11.48,100
4894856038135,11.48,51
5034566992214,6.5,4
4894856105134,13.53,18
5034566614345,13.53,100
4894856055224,13.53,17
5034566336919,6.5,41
4894856064912,6.5,100
5034566336902,6.5,100
5034566336889,6.5,100
5034566772236,6.5,10
5034566337596,6.5,65
5034566337787,6.5,100
5034566820586,6.5,100
0695929021085,9.55,35
3021105120117,15.39,79
4893669213685,16.25,100
3021105161806,38.52,54
3021105162742,4.5,89
3021105163145,4.5,2
3021105165590,2.16,100
0773554165692,4.5,7
3021105170235,63.05,10
4894856010414,13.53,100
5034566337237,6.5,100
5034566337190,6.5,40
5034566337299,6.5,93
5034566351004,12.41,61
5034566615137,6.5,35
5034566337718,6.5,7
5034566338487,6.5,100
5034566337879,6.5,100
5034566337893,6.5,100
5034566337909,6.5,91
5034566337725,6.5,100
5034566337930,6.5,100
4894856073334,13.53,100
5034566338593,6.5,61
4894856079336,6.5,83
5034566342620,13.4,100
5034566351073,13.53,100
5034566351097,13.53,100
5034566615397,13.53,100
4743199022571,5.03,100
4743199022564,5.03,100
4743199022557,5.03,100
4743199022502,5.03,100
830395022666,10.52,44
0192995228429,36.35,100
0830395022918,10.52,39
0830395022925,10.52,50
0192995230002,13.89,100
0192995230026,44.49,77
5034566339125,6.5,100
5034566338456,6.5,71
5034566135536,6.5,80
5034566135512,6.5,3
4894856022424,10.41,100
0686141230225,5.43,100
5034566339071,6.5,100
0686141230409,5.43,100
0686141230416,5.43,67
686141230522,5.43,75
0686141230539,5.43,10
0695929023065,8.2,100
5900511231038,3.77,1
4893669231382,6.05,100
0192995231443,13.89,77
889698231862,10.52,100
0889698231916,10.52,100
889698231930,10.52,100
0695929023287,8.2,100
0695929023294,8.2,100
4743199023417,10.73,100
4743199023448,10.73,100
4893669238589,13.45,64
5034566339337,6.5,88
5034566339382,6.5,100
5034566339399,6.5,5
5034566339405,6.5,100
850025176392,15.6,53
850025176378,15.6,100
695929024604,14.09,100
695929024017,14.09,100
695929024635,14.09,100
0695929024697,14.09,100
630996247785,2.42,100
630996247808,5.79,100
630996247839,10.22,100
630996247976,14.79,100
3555801287619,21.48,100
8710341249175,11.55,10
8710341249243,18.3,16
8710341249250,10.8,12
8710341249267,8.2,3
3555801287633,18.56,3
8710341250775,11.05,27
8710341250799,8.8,36
8710341250836,9.05,18
4743199002504,13.79,9
0850025176606,29.67,28
8710341251147,9.75,4
8710341251154,9.75,18
8710341251253,7.4,67
0850025176576,13.51,28
0850025176569,13.51,20
0850025176583,13.51,28
8710341252014,8.9,40
0850025176484,22.49,58
0850025176521,29.67,20
0850025176507,29.67,8
8710341252021,10.9,45
8710341252038,10.8,33
8710341252045,7.8,44
0850025176491,52.16,31
8710341252090,7.53,45
0723459026000,3.47,4
5900511261394,6.62,18
5900511261455,6.62,1
5900511261561,6.62,81
5900511261899,11.7,29
5900511261905,11.7,34
5900511261912,11.7,70
5900511261929,11.7,22
5900511261943,11.7,35
5900511262018,6.62,1
5900511262025,6.62,2
5900511262070,11.7,36
5900511262087,11.7,48
630996263662,25.29,100
0630996265352,24.89,5
5414673266024,17.42,2
5414673266055,20.34,2
5414673266086,15.09,7
5414673266208,46.48,4
0630996266236,24.89,100
5414673266338,17.42,17
630996266779,33.73,100
630996266915,19.72,54
0695929027056,13.16,100
5900511270891,7.75,48
5900511270945,7.75,14
5900511271102,7.75,63
5900511271140,7.75,100
5900511271157,7.75,1
5900511271225,7.75,73
3555801287862,18.56,76
0695929028015,19.78,23
886144280566,29.88,100
0886144280573,22.58,100
0886144280597,22.58,100
886144280665,17.94,100
0886144280696,38.85,11
0886144280740,17.22,100
886144281044,54.71,100
0886144281198,42.21,100
886144281419,48.48,10
886144281440,69.52,100
886144281525,17.94,100
886144281587,60.22,58
886144281662,60.22,44
5900511290301,4.85,100
5900511290332,4.85,100
5900511290349,4.85,77
5900511290356,4.85,100
5900511290370,4.85,98
5900511290387,4.85,9
5900511290462,4.85,94
5900511290479,4.85,42
5900511290516,4.85,70
5900511290547,4.85,43
5900511290554,4.85,22
5900511295009,4.15,100
5900511295016,4.15,10
5900511295023,4.15,24
5900511295030,4.15,22
5900511295047,4.15,74
5900511295054,4.15,56
5900511295061,4.15,100
5900511295078,4.15,42
5900511295160,4.15,67
5900511295177,4.15,62
4009847029935,26.04,11
8801198011487,33.87,100
8801198011494,33.87,100
8801198011500,33.87,100
8801198011517,38.07,100
8801198011524,38.07,81
8801198011531,60.72,28
8801198011555,10.23,100
8801198011562,10.23,100
8801198011579,10.23,8
8801198011586,11.88,100
8801198011593,11.88,100
8801198011609,18.69,100
8801198011616,26.4,100
8801198011630,20.25,4
8801198011654,26.4,100
8801198011678,38.07,47
8801198011685,38.07,36
8801198011692,60.72,21
8801198011715,33.87,100
630996303269,19.17,100
630996303276,19.17,100
0773554048896,4.5,17
0773554050486,5.91,25
0773554050936,2.13,100
889698306331,10.52,22
0773554070156,22.98,100
0773554070385,11.51,65
0686141307507,29.3,100
0686141307675,29.3,73
886144308680,17.81,12
000772310062,17.26,62
5055727531240,2.58,1
0773554130218,31.09,12
0773554130379,49.73,58
5900511313505,2.5,100
5900511313598,2.5,67
5900511313901,2.5,100
5900511314069,2.5,49
5900511314281,2.5,33
0773554152807,4.04,69
0773554152814,5.12,5
0889698315289,10.52,65
0773554153057,8.03,100
0773554153064,8.03,100
0773554165777,6.45,100
0773554166385,9.15,100
0773554167450,6.45,2
4743199031962,34.7,100
4743199031986,34.7,100
4743199031979,34.7,100
000772320122,8.35,100
000772320146,8.35,13
0695929032029,5.28,100
0695929032036,5.28,100
695929032043,5.28,55
0695929032050,5.28,5
695929032074,5.28,100
695929032098,5.28,100
0695929032111,5.28,100
7611212326050,4.08,20
0889698327152,10.52,100
889698327169,10.52,100
889698327480,10.52,1
5900511330328,10.3,91
5900511330601,10.3,61
5900511330731,10.3,1
5900511330755,10.3,100
5900511330762,10.3,69
5900511330786,10.3,35
5900511330793,10.3,36
886144334153,2.09,100
7611212334406,4.8,100
7611212337117,2.66,100
7611212338107,4.16,100
7611212338619,4.97,100
0048242339007,3.95,100
830395034003,10.52,2
7611212340254,3.6,100
5900511343236,4.37,43
5900511343557,4.37,89
5900511343830,4.37,100
5900511343847,4.37,8
5900511343861,4.37,100
5900511343960,4.37,21
5900511344387,3.32,12
5900511344394,3.32,74
5900511344417,3.32,100
5900511344424,3.32,82
5900511344431,3.32,65
5900511344448,3.32,75
5900511346046,4.37,100
5900511346077,4.37,100
5900511346091,4.37,100
5900511346114,4.37,100
5900511346169,4.37,100
5900511346190,4.37,100
5900511346244,4.37,31
5900511346251,4.37,67
5900511346268,4.37,9
5900511346275,4.37,100
5900511346282,4.37,85
5900511346312,4.37,16
5900511346480,4.37,100
5900511346503,4.37,100
5900511346527,4.37,57
5900511346589,4.37,100
5900511346633,4.37,100
5900511346657,4.37,86
5900511346664,4.37,56
5900511346732,4.37,75
5900511346749,4.37,100
5900511346824,4.37,3
5900511348378,3.9,100
5900511348422,3.9,15
5900511348491,3.9,53
5900511348538,3.9,100
5900511348545,3.9,100
5900511348620,3.9,100
5900511348668,3.9,1
5900511348675,3.9,2
5900511348682,3.9,100
5900511348705,3.9,52
5900511348712,3.9,100
5900511348743,3.9,100
5900511348767,3.32,4
5900511348774,3.32,100
5900511348781,3.32,26
5900511348811,3.32,20
5900511348828,3.32,43
5900511348835,3.32,7
5900511348859,3.32,28
5900511348873,3.32,92
5900511348897,3.32,80
5900511348903,3.32,22
5900511348958,3.9,100
5900511348965,3.9,100
889698357579,10.52,1
889698357739,10.52,10
3296580359943,20.86,84
5900511360714,5.2,100
5900511360721,5.2,72
5900511360738,5.2,86
5900511360745,5.2,32
5900511360752,5.2,100
5900511361384,5.2,27
7611212361631,5.53,5
0889698363693,10.52,4
4893669364677,11.37,100
3296580367801,20.86,94
3296580369300,22.05,100
3296580369829,21.52,100
3296580369836,21.52,99
3296580369843,21.52,100
3296580369867,20.86,100
3296580369881,21.52,100
3296580370054,22.05,16
3296580370078,22.05,100
3296580370085,22.05,100
0048242370741,11.24,100
0048242370765,17.42,100
0048242370918,23.6,100
0048242371151,14.05,100
0048242371175,11.24,100
5900511371451,4,78
3296580371471,20.23,100
5900511372601,4,62
5900511373295,4,100
5900511373301,4,100
5900511373318,4,100
5900511373509,4,1
5900511373516,4,100
5900511373783,4,100
5900511373790,4,1
5900511373820,4,58
889698373838,10.52,46
5900511373844,4,34
889698373906,10.52,7
5900511374070,4,39
5900511374254,4,84
5900511374278,4,51
5900511374285,4,4
5900511374490,4,1
5900511374506,4,100
5900511374766,4,100
5900511374773,4,60
5900511374834,4,1
5900511374995,4.37,100
5900511375282,4,52
5900511375299,4.37,34
5900511375305,4.37,15
5900511375381,4,63
7611212380045,4.74,100
7611212380052,4.19,100
7611212380069,3,100
4897046472283,10.1,100
4893669380950,21.41,100
5038728149775,2.29,78
5038728149904,2.29,100
5038728149911,2.29,100
5038728150078,2.29,100
5038728150917,2.29,100
048242385004,3.48,42
048242385042,21.03,86
5038728151693,2.29,100
5038728151754,2.29,100
5038728152492,2.29,100
5414673388030,20.34,11
5414673388078,9.28,5
5038728153840,2.29,100
0845371038814,40.28,100
5038728154717,5.27,97
0845371039194,8.95,19
5900511400540,3.05,5
6416739402185,12,100
6416739402680,31.75,84
6416739403519,6.9,100
0889698406307,10.52,100
889698406314,10.52,78
3296580407354,20.86,67
3296580407361,20.86,79
3296580407378,20.86,70
889698409582,10.52,100
6416739409863,2.7,2
5900511410037,5.95,35
5900511410174,5.95,49
6416739410289,13.25,100
889698411394,10.52,32
7392601114303,5.85,16
630996413265,13.99,7
6416739414393,5.8,100
6416739414423,5.7,100
4059433102177,78.39,1
4059433574226,13.22,46
4059433573052,24.11,61
0039897914480,9.85,100
0192995401228,6.53,100
0192995403819,6.53,100
0192995419254,9.58,42
0622222419295,3.83,22
0622222420253,2.15,100
3700183420424,35.41,44
0622222421182,6.34,100
0622222421199,6.34,100
0622222421250,3.47,100
0622222422271,2.87,4
0622222422431,2.99,100
0622222422677,3.35,55
192995423282,45.68,100
695929042325,14.5,39
0622222424008,6.34,100
4059433572680,56.18,9
4055744038822,24.11,52
4059433558882,15.98,27
4059433558899,8.2,4
4059433473734,17.84,57
4059433473048,19.83,66
4059433654010,11.84,20
4059433652245,50.16,73
4059433652047,18.36,10
4059433652368,121.58,70
4069111058979,14.96,56
4059433716817,111.6,18
4059433709420,19.54,80
4059433761930,28.64,79
4069111086774,95.85,68
4069111000107,16.56,95
4069111000114,16.56,94
4069111000121,16.56,89
4069111000138,16.56,94
4059433930114,15.78,73
630996427347,13.17,7
4059433933504,15.78,55
4059433926278,15.78,68
630996427668,13.17,100
035051427711,23.09,12
3296580427987,19.73,75
0630996429396,20.58,21
3296580429929,19.73,100
3296580429936,19.73,71
3296580429974,19.73,71
3296580429981,19.73,94
3296580429998,19.73,100
889698432634,10.52,100
889698434614,10.52,100
695929044046,13.53,100
695929044084,13.53,100
695929044121,13.53,100
695929044138,13.53,100
0695929044176,13.53,100
695929044312,7.92,3
695929044336,7.92,18
695929044350,4.52,100
0695929044718,7.25,100
0695929044732,13.53,100
0695929044749,13.53,70
0695929044756,13.53,100
889698449885,10.52,24
5900511450071,15.55,51
5900511450095,15.55,1
5900511450101,15.55,36
5055727545339,1.42,36
7611212460655,2.66,100
7611212460792,2.66,100
4009847046086,11.22,12
886144464164,8.15,100
0849803046712,10.52,84
0889698477093,10.52,7
889698480703,29.48,3
5414673485029,20.34,1
5414673485227,17.42,1
5414673485265,17.42,9
889698486026,10.52,1
889698486576,2.94,3
0889698486606,10.52,100
0889698487405,10.52,100
0889698490139,10.52,100
8886457649953,2.32,100
5054131050132,16.71,10
5054131050163,16.71,12
000772502016,8.35,100
889698503372,10.52,14
889698503402,10.52,14
0889698504027,10.52,100
0889698504034,10.52,20
035051504047,38.21,27
0889698504041,10.52,65
000772501729,7.96,39
0035051505372,6.27,100
035051505396,7.08,1
0192995505564,26.09,100
0000772502979,3.47,100
0000772502986,3.47,100
0035051511205,10.68,100
035051511564,15.99,100
0035051511885,11.55,100
5055727551248,4.64,13
7392601302014,27.21,23
0035051514534,11.03,100
889698515276,10.52,8
5055727551545,2,55
035051515722,9.45,30
5055727551576,2,4
5055727551644,2,4
5055727551651,2,32
5055727551675,4.64,21
7392601170309,22.43,20
889698517959,10.52,20
0889698519649,10.52,30
0885561005219,4.28,100
0035051521549,38.21,88
0889698521734,10.52,20
035051522546,9.45,100
35051523710,9.45,100
35051523727,9.45,100
35051523918,10.7,100
35051523956,10.7,100
35051524793,6.75,100
035051525455,10.88,100
5054131052594,18.06,8
35051526445,12.15,100
6416739526768,5.8,100
6416739527468,17.6,100
0849803053048,10.52,79
0849803053055,10.52,100
35051531067,7.08,100
35051531081,9.45,100
35051531111,8.7,100
35051531135,9.45,33
6416739532318,13.3,100
6416739532325,13.3,100
6416739532356,11.58,100
6416739532363,11.58,100
6416739532387,13.8,100
6416739532394,13.8,100
6416739532400,5.55,100
6416739532417,5.55,100
6416739532424,5.55,100
6416739532431,5.55,100
6416739532448,5.55,100
035051533283,7.08,100
5054131053393,16.42,4
6416739534893,5.6,100
6416739535043,13.25,100
6416739537658,13.25,1
6416739537702,13.25,100
6416739537719,13.25,100
6416739539140,12.6,100
64167395450054,21.25,83
6416739540559,5.6,100
6416739540566,5.6,100
35051541073,33.83,55
35051541301,78.3,100
5900511541663,0.8,100
5900511541694,0.8,100
5900511541731,0.8,100
5900511541908,0.8,60
5900511541915,0.8,100
5900511541939,0.8,100
5900511541946,0.8,100
5900511541953,0.8,100
5900511542004,0.8,100
5900511542103,0.8,100
5900511542110,0.8,100
035051542254,42.11,100
035051542193,11.84,100
035051542605,7.08,100
035051542629,12.93,100
035051542681,30.35,25
035051542698,55.88,2
889698542906,10.52,12
0889698544603,10.52,22
0889698544610,10.52,100
0889698544627,10.52,100
0889698544634,10.52,100
0889698544641,10.52,100
6416739545387,12,98
6416739545417,12,100
6416739545455,13.98,100
6416739545479,13.98,89
6416739549033,20.24,24
6416739549293,20.63,85
9001890549649,6.8,29
0686141550118,5.43,1
0686141550156,5.43,9
0686141550378,5.43,21
889698550512,10.52,34
0889698550710,10.52,100
0686141552099,5.43,100
0686141552334,5.43,100
0686141552686,5.43,27
9001890553141,6.8,23
6416739555225,17.85,100
6416739555263,13.8,100
889698556149,10.52,66
0889698556156,10.52,100
0889698556170,10.52,100
889698556187,29.48,80
4008332556215,8.58,100
889698556415,10.52,52
6416739556697,17.85,58
4008332556758,1.14,100
4008332556833,2.23,100
6416739557304,13.25,100
889698557368,10.52,3
0840148209466,10.94,100
35051560142,4.61,12
889698560221,16.15,6
5900511560350,1.15,25
5900511560367,1.15,16
5900511560398,1.15,12
5054131056196,18.06,6
5054131056394,18.06,2
5054131057087,63.24,65
5054131057285,45.81,4
0889698578653,10.52,26
6416739580111,8.6,100
5054131058039,15.7,1
6416739581125,8.6,100
0035051582946,34.29,12
0035051583127,38.02,69
0035051587354,50.45,39
6416739587639,9.2,5
71662078461,5.11,29
0071662688288,5.15,90
6416739589824,17.3,35
6416739589831,17.3,85
6416739589848,19.15,37
6416739590066,8,100
6416739590073,8,100
6416739590165,9.2,100
6416739592510,21.8,100
6416739592527,13.8,100
6416739592534,13.2,100
6416739592541,18.45,100
6416739592756,13,47
889698592765,10.52,1
6416739595443,6.36,100
6416739595450,6.36,100
6416739595832,18.45,100
6416739595849,15.7,100
6416739595856,14.2,100
6416739595870,21.8,100
6416739595887,17.3,100
885561005950,23.72,100
6416739597348,15.7,71
6416739598406,6.36,100
5055727559947,2.13,3
6416739599946,16.7,100
6416739599953,16.7,100
6416739599960,13.9,100
6416739599977,13.9,100
889698601276,10.52,22
5018621601501,9.59,43
5018621602201,5.8,100
5018621602362,9.59,90
889698602433,10.52,22
810054664802,10.77,28
810054666615,10.77,100
778988237212,7.18,100
5018621603406,25.51,100
5018621603505,15.14,100
5018621603529,15.14,100
5018621603703,18.62,100
5018621603727,18.62,100
5018621603741,18.62,100
6416739604282,7.5,100
6416739604374,15.26,100
6416739604398,15.25,100
778988559161,11.45,82
028399065110,23.71,4
028399065899,16.59,100
028399065905,16.59,100
028399065929,16.59,13
028399101221,26.55,100
028399097074,26.55,100
5018621605189,6.46,100
028399107155,7.72,64
5018621605226,8.63,100
778988470848,26.55,100
778988477441,5.79,100
778988477458,5.79,100
778988477472,10.64,6
778988477489,10.64,100
778988477496,10.64,100
778988483183,14.03,100
778988483190,14.03,100
778988483206,14.03,100
778988355312,2.7,100
778988320297,26.55,5
0778988331156,10.64,100
0792189474054,4.16,100
0778988364383,13.28,13
0778988365250,9.45,100
0778988369272,9.24,100
0778988372173,22.01,100
778988397602,39.09,100
778988387955,14.33,100
778988409800,8.66,100
778988415986,8.81,32
778988419595,5.99,100
778988419625,12.97,100
778988419670,22.34,100
778988419786,5.89,50
0778988425435,5.34,100
778988428887,13.25,38
0778988429020,14.78,100
0778988342381,13.17,100
778988432426,23.29,18
0778988449301,6.93,100
0778988455982,37.43,52
0778988456170,8.63,100
0778988454251,18.28,100
0778988457528,23.63,100
0778988454268,10.23,100
0778988460153,6.58,100
0778988460177,6.07,100
0778988465882,3.12,100
0778988248669,46.73,100
0778988248829,20.79,100
0778988250006,21.48,26
0778988487754,19.53,100
0778988489208,6.65,100
778988497043,8.63,30
0778988498668,16.74,100
0778988498941,8.63,100
0778988501757,12.48,100
0778988501719,17.08,20
0778988501818,16.24,28
0778988503843,7.98,53
778988504161,23.2,100
0778988672723,9.89,100
0778988506288,15.39,100
778988509142,60.09,100
778988452615,60.09,100
0778988452745,14.71,100
0778988601969,60.09,100
0778988601945,60.09,100
681147012158,11.93,100
681147012394,32.91,100
0681147013506,18.59,83
0681147013339,11.39,100
0681147013414,31.36,10
0681147013261,11.39,100
0681147013469,11.39,100
0681147017108,15.55,100
0681147016774,13.7,71
0681147017054,8.02,100
681147021228,27.02,66
681147025813,19.47,100
681147030343,9.3,100
681147033658,27.84,100
681147034648,5.12,100
681147034402,16.02,100
681147036345,38.06,100
681147042490,48.3,2
681147042193,12.37,100
681147042469,16.63,100
681147042155,25.4,58
681147042292,39.06,100
681147042483,19.56,100
681147041820,18.45,100
681147042476,24.72,100
681147041882,9.89,100
681147042025,4.6,100
681147043794,3.83,100
681147042094,5.34,100
681147043015,11.21,100
681147043138,4.42,100
681147043381,9.22,100
681147046757,15.12,64
681147046795,7.64,100
681147047006,22.71,100
681147047013,13.72,100
681147054622,36.8,100
681147057494,60.09,100
681147057821,60.09,100
681147058279,9.74,23
681147058835,27.3,95
681147059221,4.5,100
681147059450,17.3,100
681147059566,18.71,85
681147060029,33.7,100
681147061118,19.89,16
681147062054,11.47,26
681147062887,47.42,69
681147064867,36.87,100
681147066823,8.7,100
681147066878,19.91,32
681147067271,16.52,100
681147068506,60.09,100
0681147005174,19.11,100
681147000131,3.71,59
0681147005228,16.6,100
681147000216,8.35,30
681147000230,8.35,100
681147000254,8.35,100
681147000285,8.35,100
681147000322,6.4,100
681147000339,12.2,8
681147000360,3.55,100
681147000377,3.55,100
681147000407,6.4,100
681147000414,3.8,100
0681147000469,14.49,77
0681147000490,6.09,27
681147000872,3.8,100
681147001046,3.71,24
0681147005327,19.11,56
681147001299,6.4,100
681147001305,3.71,53
681147072763,26.07,100
681147073180,32.47,50
0681147073678,12.56,100
681147002609,57.84,100
681147076297,11.93,100
681147076563,57.75,100
681147077737,18.09,100
681147080010,7.19,100
681147082557,24.77,100
681147083509,18.8,44
681147085091,33.7,100
681147085886,10.98,17
681147088108,3.71,100
681147088764,56.99,100
681147088894,17.98,100
681147088900,32.26,66
681147088917,112.16,100
681147054882,38.94,41
681147003668,5.74,100
681147003675,5.74,100
681147003897,3.8,100
681147091719,11.24,52
681147005129,9.14,100
681147005136,9.14,100
681147005143,16.1,100
681147005150,15.56,100
681147005167,15.56,100
681147005181,48.72,66
681147005198,17.19,100
681147005204,22.08,100
681147005211,14.58,100
681147005266,24.36,100
681147005273,16.1,100
0681147005280,3.71,100
0681147005297,3.71,100
681147005303,12.2,100
681147005334,12.2,100
681147005358,22.29,60
681147005365,28.71,100
681147005372,22.29,100
681147005389,3.8,100
0681147005396,3.71,100
0681147005402,3.71,100
681147005419,38.94,100
0681147005433,13.59,100
0681147005440,23.93,100
681147005518,22.29,100
681147005556,11.64,100
681147097490,12.03,100
681147005617,6.4,100
681147104785,27.02,100
5900511609868,13.2,100
6416739609980,15.26,100
6416739609997,15.26,100
0812404006133,1.42,12
0889698613576,10.52,100
0889698613583,10.52,100
0889698613606,10.52,12
0889698613675,10.52,68
0889698613682,10.52,100
889698613972,10.52,17
0812404006140,1.42,21
5900511616026,9.6,74
5900511616057,9.6,68
5900511616125,9.6,68
5900511616149,9.6,97
8003670989257,6.46,80
8003670845843,3.49,100
889698619844,51.95,1
889698620901,51.95,56
0889698622202,10.52,54
0050743622243,21.39,100
0812404006232,2.11,11
0889698623995,10.52,84
885561006247,8.32,60
889698624701,10.52,65
0889698631426,10.52,60
889698632157,10.52,100
8058664163380,4.79,25
0889698632546,10.52,68
5011551000000,25.51,15
0849803063580,10.52,100
889698639842,10.52,83
0889698649216,9.83,32
5900511650044,18,5
889698650434,10.52,100
889698650441,29.48,43
0192995655027,7.01,18
4009847065544,8.06,11
810054664925,10.77,100
4009847065582,10.93,9
0889698656078,10.52,94
0889698656238,10.52,35
0889698656320,10.52,8
0889698656382,10.52,18
0889698657228,10.52,63
0889698657242,10.52,29
0889698657518,10.52,6
0050743662154,20.81,26
9001890663291,6.9,70
889698664226,29.48,50
889698664868,10.52,96
9001890669095,6.9,100
4897071920780,3.18,6
4897071920919,3.18,8
4897071925938,3.18,2
4897071920988,3.18,6
4897071921022,3.18,6
4897071926645,3.18,44
4897071925907,3.18,9
4897071923576,3.18,12
4897071924931,3.18,11
4897071924900,3.18,18
4897071925105,3.18,18
4897071925785,3.18,6
4897071925372,3.18,100
4897071925396,3.18,9
0889698674034,10.52,25
889698674294,10.52,97
0686141675026,29.3,100
0889698675338,10.52,92
0889698675345,10.52,6
0889698675376,10.52,15
4897071926102,3.18,18
4897071926775,3.18,5
4897071926669,3.18,18
4897071927529,3.18,3
4897071927918,3.9,100
4897071928403,3.18,5
4895263400263,3.18,9
4897071929417,3.18,9
4895263400256,3.18,4
4009847068088,38.46,9
4893669068124,5.8,100
4893669068155,5.8,100
5414673682220,36.25,2
5414673682237,43.5,1
5414673682251,51.89,3
889698682381,10.52,19
4897071920018,12.53,40
4897071920032,12.53,100
4897071920186,12.53,16
4897071920155,12.53,24
4897071920148,12.53,6
4897071920117,12.53,24
4897071920162,12.53,6
4897071926928,12.53,24
4897071920063,12.53,12
4897071928373,12.53,100
4897071928762,12.53,17
4897071920377,8.79,5
4897071928137,8.79,100
4893669068315,11.5,100
4893669068322,11.5,100
4897071920520,8.79,43
4897071920612,8.79,100
4897071920711,8.79,23
4897071920216,8.79,18
4893669068353,11.5,100
4897071920674,8.79,100
4897071920391,8.79,10
4897071920698,8.79,100
4897071927239,8.79,100
4897071926003,8.79,100
4897071925990,8.79,100
4897071926096,8.79,58
4897071926751,8.79,100
4897071925051,8.79,61
4897071926089,8.79,100
4897071926010,8.79,24
4897071926744,8.79,100
4897071925648,8.79,24
0889698684897,10.52,49
4897071928441,8.79,8
889698686983,10.52,92
4897071927802,8.79,24
4897071928717,8.79,65
4895263400225,8.79,100
4897071929127,6.55,100
4895263400102,8.79,100
5011551000192,31.48,5
8886457668893,2.64,100
0889698690768,10.52,57
8809134361092,18.51,100
0730658630761,34.32,83
8809465536879,28.5,22
8809465534257,38.44,1
8809465530198,23.95,26
8809465537456,34.6,3
7290117083130,6.7,100
7290117083475,13.2,100
7290117083680,10.5,100
7290117083734,2.5,100
4008789709363,56.45,25
4001167709733,14.15,78
4008789710826,34.87,7
4894680029910,9.73,100
193052069641,15.53,12
4008789711441,49.4,16
4008789711465,10.34,57
4008789711472,15.85,25
4008789711496,56.45,18
4008789711687,3.42,82
4008789711717,3.42,73
4008789712509,20.69,11
4008789712523,10.34,36
4008789712554,10.34,40
4008789712981,49.4,10
4008789713360,10.34,33
4008789713544,24.41,14
4008789713551,17.23,17
4008789713568,13.79,16
4008789713582,6.82,3
885561007138,4.28,100
4008789714190,20.69,18
4008789714428,31.39,20
4008789714565,1.7,100
4008789714633,27.9,60
4008789714640,20.69,51
4008789714657,13.79,14
4008789714664,8.97,39
4008789714671,6.82,34
4008789714688,12.41,79
4008789714718,13.79,4
4008789714756,12.41,41
4008789714770,3.42,100
4008789714794,3.42,10
4008789714800,3.42,100
4008789714817,3.42,78
4008789714824,3.42,40
4008789714947,24.41,27
4008789714954,19.31,6
4008789714961,10.34,48
9001890714979,17.5,7
4008789714978,8.97,25
8809465534561,18.51,84
8809465534578,30.71,41
4008789715050,4.09,55
4008789715067,4.09,100
4008789715111,10.34,43
4008789715128,6.82,22
4008789715234,42.34,12
4008789715302,70.58,9
4008789715319,31.39,18
4008789715326,17.23,24
4008789715333,12.41,24
4009847071668,26.98,8
193052037954,31.76,39
0730658170014,28.75,92
193052037916,10.32,12
193052037923,10.32,71
193052037930,10.32,45
4008789717313,9.16,27
4008789717337,14.08,22
4008789718761,17.59,25
4008789718891,1.7,100
4008789718907,1.7,100
9001890719493,8.52,14
0889698720724,10.52,76
4008332720920,1.06,100
0889698721066,10.52,24
0889698721363,10.52,21
0889698721387,10.52,81
889698722339,10.52,69
889698722346,10.52,18
0889698722353,10.52,100
0889698722360,10.52,100
9001890722790,15.2,100
0889698722810,10.52,100
889698722841,10.52,86
0192995718067,8.25,100
9001890722899,15.2,100
9001890722998,15.2,100
889698724289,10.52,95
889698724296,10.52,94
889698724784,12.92,3
9001890726095,8.52,100
5011551000222,29.3,1
5011551000239,29.3,9
0889698733878,10.52,6
193052051363,9.9,100
4008332741086,2,11
4894680029873,19.92,100
193052064356,37.08,28
193052070845,33.48,100
193052078384,32.01,100
889698742214,10.52,63
5414673748230,72.66,7
4894680021235,10.11,8
0193052037817,22.13,100
9001890750595,13.22,100
0889698751131,10.52,100
5011551000260,9.87,18
5011551000277,9.87,7
71662526641,8.16,15
71662526658,8.16,29
71662728618,7.34,18
5011551000284,8.53,26
5011551000291,12.38,16
5011551000307,14.85,4
0889698755719,10.52,58
0889698755726,10.52,28
889698755849,21.48,1
889698756396,10.52,1
0889698756549,10.52,19
0889698756563,10.52,17
0889698756570,10.52,18
0889698756587,10.52,25
889698756778,10.52,48
889698756785,10.52,50
889698757485,10.52,100
889698757492,10.52,100
5011551001090,14.85,18
889698757508,10.52,100
889698757515,10.52,85
889698757522,10.52,60
889698757539,10.52,100
889698757546,10.52,100
889698757553,10.52,100
889698757560,10.52,100
039897757759,30.43,91
0889698757867,10.52,1
5011551001113,12.38,15
889698758611,10.52,70
889698758628,10.52,89
889698758635,10.52,29
889698758970,10.52,44
889698759472,10.52,93
889698759489,10.52,77
889698759496,10.52,86
889698759502,10.52,100
889698759533,10.52,68
889698759540,10.52,62
889698759557,10.52,53
889698759564,10.52,57
889698759571,10.52,65
8425611321955,16.86,26
4893669760585,26.95,80
048242760580,5.05,55
048242760610,13.16,82
0048242760887,7.67,100
0889698760898,10.52,30
0889698760904,10.52,100
0889698765510,10.52,45
889698767866,29.48,91
889698768559,29.48,17
5011551001137,31.16,25
889698771771,10.52,100
9001890774799,25.6,46
9001890774997,12.3,100
9001890775048,11.4,1
9001890775291,12.3,100
9001890775376,15.36,100
9001890775406,6.45,15
9001890775994,11,2
889698779920,22.15,95
9001890780042,8.7,100
4743199078004,8.7,35
9001890780196,10.3,43
4743199078011,10.3,100
4743199001965,10.3,36
9001890780233,15.55,21
4743199078028,15.55,36
4743199002337,15.55,75
9001890781049,8.7,100
9001890785368,11.5,100
9001890785597,17.3,1
9001890785696,15.2,100
9001890785702,10.6,100
889698787864,29.48,100
0889698789844,10.52,1
9001890790393,57.5,11
5011551001335,25.74,34
0048242791126,5.27,100
5011551001359,14.95,4
889698797023,10.52,100
9001890797194,6.45,55
889698797221,10.52,3
9001890797293,6.45,100
889698797313,10.52,34
889698797320,10.52,12
889698797337,10.52,9
889698797443,10.52,100
9001890798092,12.3,12
889698798129,10.52,100
4743199088959,18.48,60
4743199088980,12.47,100
4743199080014,16.34,86
889698800242,10.52,31
889698800259,10.52,31
4743199080021,16.34,16
889698800396,10.52,100
4743199080038,16.34,100
889698800402,10.52,100
889698800419,10.52,99
889698800488,10.52,2
4743199080045,16.34,100
889698800518,10.52,26
889698800525,10.52,11
889698800532,10.52,22
889698800686,10.52,36
4743199080069,16.34,100
889698800709,10.52,35
4009847080073,5.74,7
3417768770262,49.47,60
889698800778,10.52,10
3417768787635,18.74,3
889698800785,10.52,4
889698800792,10.52,1
4743199080076,2.31,100
4743199080083,5.97,100
4743199080106,16.34,100
4743199080113,16.34,18
4743199080120,16.34,1
4893669801387,29.9,100
4743199080137,16.34,98
889698801409,10.52,28
4743199080144,16.34,100
3417761527665,42.04,72
889698801560,10.52,9
4743199080151,5.44,100
889698801645,10.52,100
3417761659632,17.89,35
3417761666036,24.7,17
4743199088164,5.44,100
3417761749265,20.78,100
3417761809266,36.12,100
3417761811269,33.4,100
3417761849033,23.86,20
3417761849538,23.86,30
889698801898,10.52,1
4743199080182,11.09,100
4743199081189,10.03,100
4743199080199,11.09,100
4743199080175,11.09,100
889698801904,10.52,1
4743199080168,9.19,100
4743199080205,27.09,100
4743199080212,7.67,100
4743199080229,6.22,100
4743199020225,6.22,1
4743199030224,6.22,100
889698802390,10.52,3
4743199080236,11.55,100
889698802406,10.52,1
4743199080243,5.44,100
4743199080250,10.21,100
4743199090259,10.21,100
4743199070251,10.21,100
4743199080267,7.39,100
889698802765,10.52,4
4743199080274,11.67,100
0889698802826,10.52,100
889698802840,25.97,88
4743199080281,10.81,100
4743199081288,10.81,100
4743199082285,10.81,100
4743199083282,10.81,100
4743199084289,10.81,100
4743199080298,9.5,100
889698803045,10.52,21
889698803052,10.52,7
889698803069,10.52,54
4743199080304,9.2,100
889698803106,10.52,11
0889698803175,10.52,6
4743199080311,4.21,100
0889698803205,10.52,100
0889698803229,10.52,8
0889698803243,10.52,100
4743199080328,6.14,100
4891813803317,11.76,100
889698803311,25.97,100
4891813803355,11.76,100
4743199080335,2.01,100
889698803410,10.52,100
889698803427,10.52,100
889698803434,10.52,100
889698803465,10.52,12
889698803489,10.52,13
8436598034943,9.1,100
889698803595,10.52,48
4743199080359,7.12,100
889698803618,10.52,59
889698803625,10.52,17
889698803687,10.52,2
4743199080366,10.25,100
889698803724,10.52,51
4743199081387,14.77,100
4743199080397,10.77,100
4743199080403,5.3,100
4743199099429,2.23,100
4743199080434,10.08,54
4743199080458,10.08,61
4743199081479,16.34,100
3417765021268,21.51,100
3417765023033,16.95,5
3417765023262,16.95,100
3417765051036,16.68,12
3417765056031,54.8,15
3417765069031,33.9,19
3417765087264,23.27,100
3417765220036,31.37,1
3417765295034,25.63,24
4743199080380,14.45,100
3417765476266,27.1,100
4743199090549,16.34,100
3417765500039,97.93,20
3417765549038,24.8,34
3417765575037,23.54,38
3417765586033,14.54,26
4743199080557,16.34,100
4743199080564,16.34,100
3417766015266,30.13,100
3417766019035,28.47,29
3417766091031,19.89,35
3417766110039,46.21,13
3417766124036,29.6,48
3417766174031,14.44,9
889698806923,10.52,12
0889698807029,10.52,13
0889698808392,10.52,2
8436598030341,10.78,100
889698809511,10.52,2
0889698810005,10.52,1
5900511810219,49,2
0884978810300,6.58,100
5900511810301,60,2
5900511810318,49,2
0884978810379,4.9,100
0884978810386,4.9,100
0884978810393,4.9,100
0884978810409,4.9,100
0884978810423,1.8,100
0884978810430,1.8,100
0884978810447,1.8,100
889698810678,10.52,1
889698810708,10.52,1
884978810928,5.74,14
4891813811497,22,100
0889698811736,10.52,100
889698812054,21.48,23
889698812061,10.52,16
4891813813019,10.93,100
0889698815345,10.52,6
889698816786,22.15,95
889698816816,22.15,96
889698817035,29.48,46
4743199082001,9.09,20
4743199082315,9.82,100
4743199082346,9.82,100
4743199082339,9.82,100
4743199082322,9.82,100
4743199082032,9.82,100
4743199082421,6.63,100
4743199082445,6.63,100
4743199082438,6.63,100
4743199082551,8.5,100
4743199082582,8.5,100
4743199082575,8.5,100
4743199082568,8.5,100
4743199082063,8.5,100
4897071926201,1.44,36
4897071926218,1.44,100
4897071926225,1.44,100
4897071926249,1.44,100
4897071928144,1.44,100
4897071928182,1.44,23
4897071928731,1.44,100
4897071928748,1.44,100
5010065082236,4.2,23
4897071928724,1.44,100
889698824811,10.52,1
0889698826174,10.52,60
0889698826471,10.52,1
0889698826501,10.52,20
889698827034,10.52,1
889698827812,10.52,38
4001167828236,8.08,100
4001167828908,2.52,100
4001167830550,31.5,100
889698831123,10.52,1
4894680033115,37.74,100
0193052063663,16.28,61
0193052063687,37.74,88
0193052063694,10.94,100
0193052063700,32.15,19
4001167831748,8.08,100
4001167831755,6.4,100
4001167831809,5.12,3
193052069092,9.42,100
193052069108,9.42,100
193052069115,9.42,15
193052069122,9.42,100
193052072603,9.42,100
4001167832295,7.7,100
4001167832301,9.11,100
4008332832371,2.26,100
4001167832509,3.58,100
4001167832554,16.64,100
4008332832630,1.92,6
4001167832707,45.36,25
4001167832837,4.2,100
4001167833018,44.37,6
889698833141,10.52,17
4001167834145,50.9,100
5010065083431,5.1,4
4001167834435,19.58,100
889698834469,4.82,100
889698834483,10.52,24
889698834490,10.52,6
889698834506,10.52,25
889698834544,10.52,100
889698834551,10.52,100
4001167834572,34.8,100
4001167834596,23.49,100
4001167834602,26.1,100
4001167834619,8.4,32
889698834629,10.52,54
4001167834633,6.09,8
889698834636,10.52,46
4001167834640,6.09,6
889698834643,10.52,57
889698834650,10.52,54
4001167834800,35.24,100
4001167834848,35.24,100
889698834841,10.52,62
889698834858,10.52,35
889698834865,10.52,26
889698835152,10.52,5
889698835169,10.52,11
889698835299,10.52,4
889698835305,10.52,1
889698835312,10.52,2
889698835831,10.52,100
889698835848,10.52,100
889698835855,10.52,100
889698835862,10.52,100
889698835879,10.52,68
889698835947,21.48,2
4001167835999,37.32,8
4001167836033,26.32,100
889698836081,10.52,100
4001167836095,12.15,85
889698836289,10.52,24
889698836326,22.15,100
4001167836590,9.24,100
4001167836606,9.24,100
889698836883,10.52,6
889698836906,10.52,46
889698836975,10.52,35
889698836999,10.52,100
889698837002,10.52,100
889698837064,10.52,88
889698837088,10.52,41
889698837101,10.52,100
889698837118,10.52,100
889698837125,10.52,71
889698837132,10.52,100
4001167837535,18.43,100
4001167837580,28.35,100
889698837682,10.52,73
889698837699,10.52,23
889698837866,10.52,2
889698837934,29.48,25
889698837965,10.52,50
889698838078,10.52,31
889698838085,10.52,50
889698838092,10.52,100
889698838122,10.52,24
889698838153,10.52,2
889698838184,10.52,98
889698838191,10.52,76
889698838269,10.52,7
889698838344,10.52,100
4001167838358,3.15,100
889698838351,10.52,74
889698838511,10.52,18
889698838542,10.52,42
889698838559,10.52,58
889698838566,10.52,36
889698838573,10.52,17
4001167838679,3.15,100
889698838771,10.52,100
4001167838846,15.73,100
889698839174,10.52,28
889698839198,10.52,40
889698839761,10.52,86
889698839778,10.52,45
889698839846,10.52,37
889698839853,10.52,45
889698839860,10.52,1
889698839877,10.52,2
889698839914,10.52,89
889698839921,10.52,100
889698839938,10.52,42
889698840491,10.52,43
889698841429,10.52,45
4891813845676,29.02,100
4891813847779,17.84,64
4891813847823,28.1,100
4891813847861,29.02,100
4891813847953,27.64,12
4891813848141,43.02,52
4891813848271,35.67,3
4891813848288,42.95,44
0048242850014,8.99,100
0048242850045,14.61,55
0048242850489,16.82,76
889698852906,10.52,65
889698853262,10.52,100
889698853286,10.52,24
889698853309,10.52,72
5414673856003,12.07,47
5414673856010,12.07,33
5414673856027,12.07,32
5414673856034,12.07,38
5414673856041,12.07,44
5414673856058,12.07,19
5414673856065,9.07,34
5414673856072,9.07,18
5414673856089,9.07,37
5414673856096,9.07,22
5414673856102,9.07,29
5414673856126,15.11,1
5414673856140,15.11,26
5414673856188,60.45,2
5414673856201,5.44,78
5414673856270,12.07,9
5414673856287,12.07,13
5414673856362,15.11,52
5414673856379,15.11,31
5414673856386,15.11,27
5414673856416,9.07,1
889698856430,10.52,41
5414673856447,6.02,21
889698856447,10.52,18
5414673856454,6.02,20
5414673856461,6.02,20
5414673856591,15.11,56
4009847085672,21.29,6
889698857062,12.3,26
889698857185,12.3,100
889698857192,3.16,1
889698857321,10.52,18
889698857338,10.52,18
4891813857396,29.36,17
889698859639,10.52,100
889698859646,10.52,100
889698859653,10.52,100
889698859660,10.52,100
889698859677,10.52,100
889698859684,10.52,100
889698859691,10.52,100
889698859851,4.82,100
889698859868,4.82,100
889698859875,4.82,100
889698859882,4.82,100
889698859899,4.82,100
889698859950,7.15,47
889698860697,10.52,48
889698860703,10.52,65
889698860710,10.52,34
889698860727,10.52,65
889698860925,16.48,69
889698861403,22.15,6
889698862127,10.52,100
889698862141,10.52,44
889698862202,10.52,92
889698862219,10.52,93
889698862226,10.52,92
889698862240,10.52,100
889698862257,10.52,100
889698862264,10.52,100
889698862387,10.52,81
889698862394,10.52,82
889698862400,10.52,78
889698862417,10.52,74
889698862424,10.52,46
889698862592,10.52,63
889698862721,10.52,2
889698862738,10.52,57
889698862745,10.52,46
889698862752,10.52,13
889698862769,10.52,59
889698862776,10.52,36
889698862813,10.52,13
889698862820,10.52,17
889698862912,10.52,98
889698862929,10.52,100
889698862936,10.52,100
889698863148,10.52,41
889698863360,10.52,82
889698863421,10.52,22
889698863438,10.52,58
889698863445,10.52,64
889698863469,10.52,55
889698863476,10.52,62
889698863490,10.52,59
889698863629,10.52,100
889698863636,10.52,100
889698863643,10.52,100
889698863650,10.52,100
889698863667,10.52,100
889698863674,10.52,100
889698864084,10.52,29
889698864107,10.52,2
889698864114,10.52,58
889698864121,10.52,5
889698864145,10.52,100
889698864152,10.52,87
889698864169,10.52,88
889698864190,10.52,100
889698864206,10.52,100
889698864213,10.52,100
889698864220,10.52,100
889698864299,10.52,43
889698864305,10.52,27
889698864329,10.52,47
889698864336,10.52,19
889698864367,10.52,9
889698864374,10.52,26
889698864473,29.48,85
889698864848,10.52,100
889698864855,29.48,62
889698864879,22.15,92
889698864916,10.52,25
889698864947,10.52,41
889698864954,10.52,100
889698864961,10.52,82
889698864978,10.52,100
889698864985,10.52,87
889698864992,4.82,1
889698865050,10.52,100
889698865074,10.52,100
889698865081,10.52,100
889698865098,4.82,100
889698865104,10.52,100
889698865210,10.52,59
889698865227,10.52,46
889698865289,10.52,33
889698865296,10.52,59
889698865302,10.52,40
889698865333,10.52,100
889698865715,10.52,52
889698865722,10.52,37
889698866132,10.52,100
889698866156,4.82,92
889698866163,4.82,96
889698866170,4.82,92
889698866187,4.82,100
889698866194,21.48,66
889698866200,31.66,69
889698866347,10.52,100
889698866354,10.52,100
889698866361,10.52,100
889698866378,10.52,100
889698866385,10.52,100
889698866392,10.52,100
889698866408,4.82,93
889698866415,4.82,93
889698866422,29.48,27
889698866439,10.52,100
889698866446,10.52,100
889698866453,10.52,100
889698866460,10.52,100
889698866477,10.52,100
889698866576,10.52,100
889698866583,10.52,100
889698866590,10.52,100
889698866606,10.52,100
889698866613,10.52,100
889698866651,10.52,100
889698866767,10.52,100
889698866774,4.82,100
889698866781,4.82,100
889698866798,10.52,100
889698866804,10.52,100
889698866811,10.52,100
889698866828,10.52,100
889698867658,10.52,88
889698867665,10.52,97
889698867672,10.52,58
889698867689,10.52,63
889698867696,10.52,97
889698867702,10.52,100
889698867733,10.52,100
889698867740,16.15,73
889698867757,10.52,79
889698867764,10.52,78
889698867795,10.52,79
889698867801,10.52,82
889698867979,10.52,100
889698867986,10.52,100
889698867993,10.52,100
889698868044,10.52,54
889698868051,10.52,53
889698868068,10.52,56
889698868075,10.52,57
889698868099,10.52,55
889698868402,10.52,80
889698868433,10.52,21
889698868457,10.52,100
889698868754,4.82,100
889698868761,4.82,100
889698868778,10.52,100
889698868785,10.52,100
4891813868842,27.99,100
4891813868859,27.99,100
4001648692103,0.68,16
4001648693100,0.81,100
4001648013816,1.56,100
4001648695258,3.5,72
4001648695555,4.01,100
4001648695807,6.74,62
4001648697214,1.98,100
4001648697221,3.02,100
889698870757,10.52,100
889698871105,10.52,42
889698871112,10.52,43
889698871129,10.52,59
889698871143,10.52,71
889698871693,10.52,100
889698871891,10.52,18
889698871938,29.48,100
889698872096,4.82,72
889698872119,10.52,58
889698872218,10.52,58
889698872263,10.52,61
889698872584,10.52,45
5414673874205,15.66,18
5414673874373,11.56,6
5414673874380,11.56,15
5414673874540,10.4,4
5414673874588,5.83,27
5414673875097,13.93,6
5414673875240,5.79,63
5414673875462,8.72,100
5414673875486,5.83,41
5414673875493,5.83,35
5414673875615,9.34,50
5414673875639,9.34,34
5414673875677,12.73,17
5414673875691,12.73,8
5414673876490,8.08,6
5414673876506,10.45,2
5414673877350,8.08,15
5414673877657,10.4,46
5414673877923,10.4,29
5414673877947,10.4,38
889698877961,10.52,64
5414673879064,11.56,28
5414673879071,11.56,13
889698880374,12.92,68
889698880381,12.92,88
889698880398,12.92,71
889698880404,12.92,81
889698881838,4.82,100
889698882095,4.82,100
889698882293,10.52,100
889698882309,21.48,85
889698883191,10.52,7
889698883214,10.52,7
889698883238,10.52,25
889698883573,4.82,100
889698883603,4.82,100
889698883610,4.82,100
889698883627,4.82,100
889698883979,29.48,94
889698884600,10.52,39
889698884679,10.52,69
889698884709,29.48,24
4891813884903,19.82,6
4891813884972,20.79,6
4891813885498,41.1,100
4891813885672,19.1,100
4891813885788,33.08,100
889698886161,10.52,100
4891813886174,22.79,100
889698886178,10.52,63
889698886185,10.52,100
889698886192,10.52,100
4891813886204,10,6
4891813886334,24.83,15
4891813886365,22.9,12
889698886550,22.15,55
889698886567,10.52,100
889698886642,10.52,100
889698888349,29.48,59
889698888356,10.52,100
889698888363,10.52,100
889698888608,10.52,100
889698888615,10.52,16
889698889032,10.52,100
889698889049,10.52,91
889698889056,10.52,100
889698889063,10.52,91
889698889070,10.52,88
889698889087,10.52,100
889698889582,25.97,55
889698893817,10.52,62
889698901314,10.52,68
3296580901654,24.15,1
4893669902282,33.37,100
5900511903829,6.4,18
5900511903928,6.4,68
5900511907216,4,100
5900511908169,10.2,44
4893669910386,8.15,100
4893669910584,5.65,100
889698914567,10.52,92
0048242914730,4.94,100
0048242916406,5.78,100
5900511933314,4.65,75
5900511933321,4.65,1
5900511933338,4.65,8
5900511933352,4.65,1
5900511933376,4.65,9
5900511933444,4.65,11
5900511933826,4.65,73
5900511935851,4.65,100
5900511936131,11.5,3
4008789094629,70.58,10
4008789094636,56.45,10
4743199019526,10.26,100
4743199049523,10.26,100
4743199039524,10.26,100
4743199029525,10.26,100
193052043085,22.94,100
0193052050298,17.44,4
4894680026988,26.72,78
193052057259,16.06,87
193052064196,34.98,100
4009847095480,10.45,11
193052069634,18.41,1
4894680042520,30.57,9
4009847095787,13.12,16
4893669981485,30.9,100
4893669982512,19.29,100
5010993653218,19.67,100
5010993626656,19.67,9
4059433713090,29.26,100
4069111090696,32.19,2
4270002173316,11.45,11
4893669993587,21.8,100
4893669994485,10.75,100
5029736082635,13.28,1
3555801455186,15.82,20
3555801455230,11.97,1
3555801455247,10.16,100
3555801455391,7.56,100
3555801455414,13.02,97
6522436800343,0.92,100
6522436804433,0.91,100
6729503000136,5.59,27
6522436110916,5.32,100
6729503013938,6.15,100
6729503016120,5.31,100
6522436871152,4.13,7
6729503007920,3.33,100
0191726708322,14.36,100
191726708438,22.97,13
191726752288,22.97,100
191726727576,6.58,100
191726728986,10.77,100
0191726772446,10.77,100
191726753636,4.9,100
6729503001959,20.93,47
6729503007791,30.55,100
5010993343966,12.38,100
5010993312306,36.43,2
5010993882724,36.43,100
5010993465644,10.19,100
5061051300032,4.93,100
5060158857494,1.79,100
4743199012251,27.67,100
4743199042258,27.67,100
4743199032259,27.67,3
4743199052257,27.67,100
4743199012275,23.36,100
4743199005123,32.35,100
9789934901911,8.61,34
9789916408612,8.61,100
9789934901928,8.61,100
5060158856848,5,100
5060158856565,20.58,100
5060158856541,13.13,100
5060158858118,17.85,100
5060158856558,20.58,100
5060158856626,43.04,95
5060158856787,14.54,14
5060158857227,14.54,100
5060158857531,17.85,42
5060158858132,43.04,100
5060158854998,24.48,100
6920773360078,5.2,89
6920773360313,5.19,28
5060158858750,14.49,100
5060158858941,15.11,17
6944588200442,4.75,100
5010996240651,10.19,3
6944588200602,4.75,62
6944588200657,4.75,65
5029736077822,9.63,4
5029736079529,8.69,100
6944588200800,4.75,100
6944588200947,4.75,91
5010993916504,26.22,100
5010993425716,32.77,100
6944588202385,4.75,94
8717278850610,13.46,8
8717278850634,13.26,2
8717278850641,13.26,9
8717278850948,9.68,19
5056588617500,9.83,62
5056588617517,9.83,64
5056588617449,9.83,71
5056588617364,9.83,100
6920773316747,3.4,96
6920773316754,3.4,100
6920773316761,3.4,100
6920773316778,3.4,31
6920773314347,12.75,65
6920773315924,3.45,100
6920773315948,3.45,100
6920773316013,2.3,100
6920773316785,3.4,100
6920773316792,3.56,100
6920773316563,2.3,100
6920773317317,4.6,100
6920773317324,4.6,100
6920773317331,4.6,100
6920773317348,4.6,100
6920773317744,6.3,75
6920773317751,6.3,100
6920773317768,6.3,83
6920773315689,2.7,64
6920773315696,2.7,100
6920773315702,2.7,100
6920773316587,2.3,100
6920773316594,2.3,100
6920773317775,6.3,19
6920773317782,6.3,100
6920773318338,7.55,100
6920773318345,7.55,100
6920773318482,2.7,100
6920773318499,2.7,100
6920773318505,2.7,6
6920773318550,2.61,100
6920773318567,2.61,100
6920773318574,2.61,100
6920773318581,2.61,100
6920773318833,3.25,100
6920773318840,3.25,100
6920773318857,3.25,100
6920773318864,3.25,100
6920773318796,4.84,100
6920773318802,4.84,100
6920773318819,4.84,100
6920773318826,4.84,100
6920773320843,2.61,100
6920773320850,2.61,100
6920773320867,2.61,100
6920773316617,2.03,100
0812751022206,3.45,100
0812751022251,5.15,100
0812751022268,8.6,100
9350304000901,3.14,100
810087215309,12.77,100
9350304000406,5.96,100
5037832313218,3.69,43
5037832313225,3.69,97
9350304000505,5.96,100
0191726508304,12.56,100
0191726508540,4.9,100
0191726516002,4.55,100
0191726708476,4.55,100
0191726708483,6.58,66
5391540233801,14.64,36
5391540232507,5.25,100
5061051300094,20.46,100
5061051300278,1.79,100
5060158857548,1.79,100
5060158857722,26.54,100
5056588609543,4.66,9
5056588609871,5.12,1
5055394028128,39.98,0
5056588606665,8.35,15
5056588601189,4.66,1
5056588601516,4.66,17
5056588612703,4.66,14
5056588612727,4.66,2
5055865490645,10.13,7
5055865490584,5.12,9
5056588610235,5.12,20
6944588209766,8.15,100
6944588209780,8.15,100
6944588209803,8.15,100
6944588209810,8.15,100
6944588209865,8.15,82
6944588209902,8.15,98
6944588209919,8.15,100
6944588209926,8.15,100
6944588209988,11.4,100
6944588210519,6.9,39
6944588210526,6.9,50
6944588200534,6.9,56
6944588200541,6.9,95
6944588210823,8.15,67
6944588210878,8.15,100
6944588211141,3.17,100
6944588211158,3.17,100
6944588211165,2.67,100
6944588211196,4.39,100
6944588211202,4.39,100
6944588211219,2.67,56
6944588211226,2.67,100
5010996306562,8.74,32
6944588216177,8.15,68
6944588216221,8.15,28
5010993481682,36.43,12
5010993568963,36.43,100
0192995219274,4.95,100
0192995219397,16.64,100
5010993548064,10.93,20
5010993548873,10.19,100
5010996306555,16.02,100
5010996234322,21.86,100
5010993639625,10.93,22
5010993812783,14.57,100
5010993652600,13.12,100
5010993662869,8.75,82
5010993661664,15.3,15
5010996136459,8,100
5010993749287,21.86,100
5010993719150,34.24,100
5010993686186,19.67,100
5010993713585,21.41,20
5010993709052,7.28,100
5010993717224,24.76,100
8057592353023,7.93,100
8057592353047,12.22,100
9421035150064,5.49,47
9421035150088,5.49,9
9421035150156,5.49,31
9421035150163,5.49,32
9421035150279,5.49,49
9421035150309,5.49,17
9421035150323,5.49,24
9421035150354,5.49,53
9421035150378,5.49,54
9421035150408,5.49,92
9421035150422,5.49,2
9421035150507,5.49,67
9421903005731,5.49,44
9421903005748,5.49,45
9421035150606,5.49,4
9421035150767,5.49,83
9421035150811,5.49,51
9421036940091,5.49,15
9421036940107,5.49,56
9421036940121,5.49,65
9421036940152,5.49,60
9421036940251,5.49,12
9421036940275,5.49,57
9421036940480,5.49,46
9421036940497,5.49,77
9421036940510,5.49,65
6911400354607,19.37,6
8411936731302,5.46,100
8411936721211,4.1,100
5010993792047,21.84,85
5010993792139,14.57,6
5029736079789,15.91,2
5029736079826,15.91,49
5010993910717,26.22,100
5010993910670,26.22,100
5010993777891,9.47,100
5010993848386,21.86,42
5010993761609,8,100
5010993791835,17.12,100
5010993830404,5.83,29
5010993849796,11.65,7
5010993898176,21.84,100
5010993880430,26.22,23
5010993900435,32.77,100
5010993911165,94.71,25
5010993856909,80.15,100
5010993911424,54.07,4
5010993954469,19.67,100
5010993958528,19.68,100
5010993967230,6.56,7
5010993967278,12.38,43
5010993967780,16.75,100
5010993952120,5.83,100
4743199002078,9.47,47
5010993960026,14.57,5
5010994124410,54.65,100
5010993952014,26.22,35
5010993951536,26.22,100
5010993954964,12.38,81
5010993961238,12.38,100
5010993972975,16.03,100
5010993973231,5.83,7
5010993954391,19.67,100
5010994128098,21.86,71
5010993985913,21.86,100
5010994144753,21.86,100
5010993938070,25.5,12
5010994111861,16.75,100
5010993978564,14.57,24
5010994114008,65.57,43
5010994154011,36.43,14
5010993981281,29.14,9
5010994129460,32.78,100
5010993984350,8,100
5010994120443,18.21,38
5010996182937,16.75,100
5010994150174,16.75,76
5010994180768,5.83,100
5010994183530,8.74,60
5010994183516,13.12,6
4743199062300,13.12,25
4743199002412,13.12,34
4743199002443,13.12,29
5010994183493,18.21,20
5010996101730,23.31,100
5010994193638,5.1,100
5010996108913,14.57,100
5010996111005,18.21,46
5010994207366,26.22,100
5010996278449,26.22,100
5010996174642,10.19,100
5010994185107,20.4,100
5010996213358,43.71,7
5010996152886,65.3,37
5010996139238,26.96,100
5010994182595,12.38,100
5010996101983,40.08,100
5010994199487,21.86,40
5010994182700,36.43,1
5010994181024,20.4,100
5010994180966,10.19,100
5010994182540,20.4,100
5010994186135,7.28,95
5010996130976,12.38,100
5010994196578,9.47,100
5010994208400,14.57,100
5010996121783,12.82,97
5010994196493,5.1,25
5010996118042,18.21,100
5010996138958,18.21,100
5010996118103,18.21,100
5010994202460,36.43,4
5010994181567,10.93,44
5010994181048,16.03,100
5010996130211,42.25,100
5010996169099,27.68,3
5010996140944,40.08,2
5010996245779,18.21,20
5010996201607,21.86,100
5010996239907,7.29,100
5010996163943,7.29,100
5010996239884,7.29,100
5010996164018,7.29,100
5010996239921,7.29,53
5010996239563,7.29,100
5010996239525,7.29,100
5010996239549,7.29,100
5010996164544,7.29,6
5010996169655,32.78,7
5010996195821,25.5,100
5010996213907,13.12,3
5010996194695,18.21,43
4743199001620,18.21,16
4743199001644,18.21,22
4743199001668,18.21,19
4743199001675,18.21,19
5010996194886,14.57,3
5010996207180,18.76,100
5010996206442,3.65,100
5010996260765,25.5,4
5010996206466,10.15,100
5010996254740,32.78,38
5010996209429,21.86,100
5010996211392,7.28,57
5010996206152,3.65,100
5010996211415,14.57,25
5010996212160,19.67,100
5010996200693,14.57,100
5010996204233,7.28,100
5010996166777,18.21,100
5010996201423,10.93,100
5010996204646,7.28,100
5010996200983,17.12,100
5010996224651,9.47,63
5010996215437,7.28,26
4743199002696,7.28,32
4743199002702,7.28,24
4743199002733,7.28,8
4743199002740,7.28,16
4743199002757,7.28,8
4743199002764,7.28,8
5010996237927,21.86,100
5010996210579,65.58,1
5010996223647,16.03,30
5010996218223,21.86,100
5010996218391,21.86,100
5010996218209,21.86,100
5010996218049,21.86,10
5010996247476,16.03,100
5010996216557,9.47,100
5010996196057,32.78,70
5010996194589,32.78,100
4743199001750,8.74,13
4743199001781,8.74,13
4743199001798,8.74,13
4743199001804,8.74,12
5010996194565,12.38,25
4743199002528,12.38,18
4743199002535,12.38,18
4743199003228,12.38,18
5010996251701,9.47,100
4743199002573,9.47,24
5010996247919,14.57,100
4743199002221,14.57,34
5010996215086,21.86,100
5010996247827,9.47,100
4743199002795,9.47,8
5010996247780,14.57,100
4743199002191,14.57,6
5010996221148,10.93,1
5010996204912,18.21,1
5010996197504,7.28,100
5010996204790,9.47,100
5010996230874,29.15,24
5010996205162,21.86,12
5010996218704,7.28,100
5010996264398,32.78,78
5010996264350,32.78,100
5010996247933,9.47,100
5010996234827,29.15,73
5010996247971,14.57,100
5010996216427,13.12,22
5010996256973,10.93,8
5010996259660,8.6,16
5010996257154,4.08,100
5010996209443,9.47,100
5010996238856,16.05,100
5010996265135,9.47,100
5010996265173,14.57,100
5010996257659,14.57,100
5010996257611,14.57,100
5010996253118,21.86,100
5010996263278,18.71,39
5010996226563,7.28,100
5010996270306,10.93,3
8057592353061,7.93,100
8057592353078,7.93,100
5905935810197,13.8,13
5905935810203,13.8,16
5905935810272,13.8,19
5905935811309,9.57,100
5905935811316,9.57,100
5905935811323,9.57,25
5905935811347,9.57,100
5905935811361,9.57,74
5905935811378,9.57,100
5905935812344,9.57,80
5905935812375,9.57,76
5905935812405,13.4,32
4743199041510,8.53,100
4743199041527,8.53,100
4743199041015,11.15,100
4743199041022,11.15,100
4743199041039,11.15,100
4743199042012,7.89,100
4743199045020,15.39,24
5010996302878,21.86,100
5010996302410,21.86,100
5010996302915,21.86,100
5010996302939,21.86,100
5010996247544,18.21,100
5010996204851,21.86,2
5010996263353,5.26,100
5010996222251,2.18,100
5010996255433,21.86,100
5010996268723,18.21,100
5010996262097,16.75,100
5010996325167,2.91,100
5010996299918,14.57,100
5010996276001,14.57,100
5010996289568,10.93,100
5010996308245,4.37,100
5010996308528,25.5,100
5010996273611,51,100
5010996321398,17,100
5010996289704,9.47,100
5010996308054,10.19,100
5010996308092,36.43,40
5010996315182,0.95,100
5010996287823,5.4,100
5010996292902,14.57,100
5010996307026,5.44,13
5010996316929,11.66,60
5010996281869,9.74,100
5010996308283,18.21,100
5010996308955,25.5,17
5010996297464,21.86,75
5010996286130,18.21,3
5010996280152,4.37,100
5010996308757,21.86,7
5010996281357,36.43,35
5010996329554,57.53,100
5010996315526,21.86,100
5010996298690,21.86,100
5010996315496,21.86,100
5010996304551,9.47,100
5010996304339,9.47,16
5010996304575,9.47,100
5010996304599,9.47,100
5010996314796,36.43,73
5010996295392,21.86,7
5010996274564,10.19,100
5010996292971,24.05,63
5010996276056,10.93,86
5010996284839,18.21,100
5010996327062,61.13,6
5029736074074,21.43,34
5010996303677,8.74,100
5010996319845,8.74,100
5010996320100,12.38,100
5010996319166,25.5,100
5010996319036,36.43,100
5010996280879,10.19,100
5010996294876,10.93,100
5010996283696,9.47,51
5010996287281,21.86,100
5010996309457,36.43,100
5010996283887,19.67,100
5010996307118,21.86,100
5010996307156,21.86,100
5010996280602,32.78,13
5010996279736,4.76,100
5010996281074,13.6,100
5010996279750,13.6,19
5010996308078,24.05,93
5010996303172,18.21,95
5010996288943,4.37,6
5010996313355,21.86,6
5010996288738,8.74,4
5010996325402,18.21,4
5010996294289,6.02,100
5010996315755,10.93,100
5010996315649,29.15,100
5010996315786,18.21,18
5010996315793,18.21,33
5010996315809,18.21,62
5010996333957,25.5,100
5010996333896,25.5,100
5010996325198,9.47,100
5010996319210,18.21,23
5010996290021,18.21,21
5010996303073,9.47,100
5010996295804,14.57,100
5010996347091,47.36,87
5010996321459,9.47,95
5010996321480,9.47,100
5010996293879,21.38,6
5010996325129,18.21,100
5010996320865,51,34
5010996347114,14.57,100
5010996347138,25.5,100
5010996330239,11.66,100
4743199003693,11.66,12
4743199003709,11.66,13
5010996347152,27.68,100
5010996330154,18.21,1
5010996330260,50.78,63
5010996336965,4.37,100
5010996349033,14.57,5
5010996351050,14.57,100
5010996351074,14.57,82
8717775442028,16.15,26
8717775442943,16.17,8
8717775443018,15.02,11
8717775443469,19.67,32
8717775443728,17.01,14
8717775443773,15.69,4
8717775443797,5.56,50
8717775443803,5.56,54
8717775444077,20.94,20
8717775444091,16.15,27
8717775444220,13.73,5
8717775444244,20.46,39
8717775444251,10.65,29
8717775444305,14.03,26
8717775444732,8.75,7
8717775444756,20.28,30
8717775444763,16.89,16
8717775444770,13.49,10
8717775444794,6.04,33
8717775444800,8.75,67
4897132890021,5.53,64
850031949690,5.47,100
0850015803888,5.05,100
7290017267722,5.59,100
7290017267739,5.59,62
4743199010585,10.56,100
4743199010592,10.56,72
4743199010608,10.56,85
4743199010424,10.09,97
4743199010448,10.09,100
5060158857524,1.79,100
5056588608300,4.66,1
5056588612512,4.66,1
5056588609895,5.12,7
4897132890014,7.44,100
5055394028166,46,55
9328936130327,21.53,100
9328936130334,21.53,100
9328936130341,21.53,100
9328396130358,21.53,100
9328936130365,21.53,100
5061051300001,1.79,100
5060158857517,1.79,100
8059591420140,11,100
8059591420751,5.49,100
8059591420836,12.22,100
8059591420997,8.03,100
8059591423158,8.03,100
3700217354534,6.15,90
3700217354541,6.15,32
3700217354565,6.15,4
3700217354572,6.15,2
0191726502081,41.86,100
0191726502074,31.85,100
0191726502067,23.21,89
0191726502128,41.86,100
0191726502104,23.21,100
191726514374,6.96,100
0191726723394,5.81,100
0191726723431,5.81,100
0191726750444,4.64,100
0191726750437,4.64,100
0191726750420,4.64,100
850053763274,7.77,82
850053763243,4.55,100
4892493103667,24.96,34
489249310699,23.1,19
4892493107887,23.1,24
4892493108099,8.112,100
4892493108150,5.62,87
4892493108600,14.25,36
4892493108839,26.83,4
4892493108877,37.44,19
0191726717584,16.97,100
0191726717904,11.42,100
0191726754480,5.99,60
4892493210334,11.55,100
4743199050819,5.49,100
4743199050918,5.49,100
4743199020003,5.49,36
4743199053865,5.49,100
4743199064021,5.49,100
4743199054251,5.49,36
4743199054329,5.49,9
4743199054435,5.49,71
4743199054497,5.49,53
4743199054558,5.49,100
4743199054572,5.49,58
6944588205058,8.8,82
6944588205225,23.2,89
6944588205393,8.15,67
5056588601226,4.66,38
9789916404881,8.61,100
9789934901904,8.61,100
8057592352941,7.93,100
8057592352958,7.93,100
8057592352965,12.22,100
8057592352972,7.93,71
8057592352989,7.93,100
8057592353009,12.22,100
192995409477,9.16,100
8717278850313,14.44,5
8717278850320,14.53,31
8717278850351,12.02,31
8717278850382,12,41
8717278850412,11.61,38
8717278850443,11.64,34
8717278850474,6.6,28
8717278850481,6.49,6
8717278850597,11.81,5
8717278850771,6.62,13
8717278850795,12.53,22
8717278850962,12.47,2
8717278851099,15.54,2
8717278851105,14.91,90
8717278851457,12.06,21
7290120517806,8.6,100
6944588202538,6.9,34
6944588202545,6.9,89
6944588202552,6.9,47
6944588202569,6.9,100
6944588202668,6.9,19
6944588202675,6.9,100
6944588202699,6.9,94
6944588202705,19.3,67
7290120511088,4.59,48
7290120511187,18.43,100
5060158857555,12,36
5060158857586,1.79,100
7290120517813,7.16,100
5055865498641,5.12,7
810087215293,5.38,100
5060158858729,1.79,100
5060413911718,2,100
8059591423592,12.22,100
8059591423608,12.22,100
8059591423738,7.93,100
8059591423813,7.93,100
8057592351395,5.49,100
8057592354341,11,100
8057592354938,5.49,100
8057592356024,5.49,100
8057592356048,5.49,100
8057592357854,11.01,100
8056214160797,7.94,68
8056214160803,7.94,49
6920773381769,1.35,19
6920773381776,1.35,100
6920773381783,1.35,100
6920773382063,5.75,100
6920773382070,5.75,100
6920773382094,5.72,13
6920773382117,5.72,7
7290120511590,2.92,100
4897132890038,5.53,100
7290120511644,7.51,100
7290120511651,11.42,100
7290120511866,7.16,100
7290120511873,7.16,100
5037832223012,4.75,12
5037832316257,3.87,3
3555801287480,5.72,100
3555801287701,5.25,100
3555801288258,3.19,100
3555801288265,4.15,100
3555801288272,6.72,100
3555801288289,9.44,100
3555801288302,16.3,100
3555801288364,5.76,100
3555801288401,12.95,51
6944588206451,6.9,100
791115722320,9.79,100
791115722344,9.79,100
791115722368,9.79,100
791115722870,9.79,100
791115722887,9.79,100
791115722894,9.79,100
791115722900,9.79,100
791115722917,9.79,100
791115722924,9.79,100
8904432007773,9.79,100
8904432207780,9.79,100
5029736072186,9.04,100
5029736083465,40.41,1
5029736083472,63,100
0191726726708,8.38,100
0191726483519,8.25,30
191726707592,7.77,100
0191726768722,24.94,100
889933976244,6.14,1
0191726482857,8.7,100
191726424598,8.7,100
0889933951777,8.13,100
889933952170,12.14,100
0191726709855,20.94,74
191726709879,20.94,100
4743199001880,6.19,100
0196566207981,6.95,94
0196566161832,6.95,49
0196566158597,14.95,100
0196566158719,14.95,100
0196566186187,7.18,100
0196566194625,7.18,100
0196566194694,7.18,100
8717278850016,11.25,20
8717278850061,10.01,7
8717278851167,2.55,87
8717278851440,10.05,23
8717278851884,1.63,93
8717278851907,12.02,74
0191726733386,7.18,100
191726725961,10.77,100
0191726725930,47.83,100
0191726733751,14.36,100
0191726733904,20.94,100
0191726733942,22.97,100
0191726734024,4.55,100
5029736074845,8.83,100
5029736076870,10.84,100
5029736076894,13.61,100
5029736076917,13.61,100
5029736076924,24.52,100
5029736076931,13.61,83
5029736076993,40.62,100
5029736079871,13.61,71
5029736082147,4.9,13
5029736082321,13.4,3
5029736082611,17.23,100
4897132890045,8.56,100
7290120510081,2.19,100
7290120510104,3.63,7
7290120510173,10.99,100
7290120510234,4.01,100
7290120510302,11.75,36
7290117588918,18.38,100
7290117588901,10.81,100
7290120510333,2.36,67
9350304000314,5.96,100
191726495215,5.99,59
0191726495277,27.84,1
7290117585351,7.16,100
7290117585368,10.99,72
7290117585559,7.13,100
7290117586853,5.73,3
191726755234,14.95,100
0196566217713,10.77,100
0196566400610,13.17,100
191726866039,13.17,100
191726837749,6.44,100
191726815426,10.77,100
0196566410329,5.03,31
196566446359,4.5,100
0196566447943,6.58,100
196566431164,10.77,100
196566429161,10.77,100
196566446540,9.67,100
191726788430,9.67,100
196566448049,10.77,100
196566447875,10.77,77
0196566178694,13.17,100
0196566450479,20.94,100
0196566178540,10.77,100
0196566453173,11.12,100
196566138254,11.12,34
191726862857,10.2,100
0196566418172,14.72,73
0196566456235,14.72,100
0196566456273,14.72,100
0191726843474,19.14,2
0191726818564,19.14,24
0196566453593,42.45,100
0196566453609,42.45,100
0196566455962,35.29,100
0196566455993,35.29,100
0196566443402,4.19,53
0196566451230,4.19,76
191726879138,4.19,12
191726922162,3.89,100
0196566454293,4.55,100
0196566454262,7.62,100
191726864042,7.62,100
196566182974,4.17,100
191726914570,4.17,16
191726914471,4.17,100
0196566452312,6.58,100
0196566452381,6.58,100
0196566452459,6.58,100
196566452527,6.58,5
0196566458321,6.58,76
191726853404,5.91,100
0196566439481,5.91,100
191726911524,5.91,100
0191726844389,6.58,100
0191726844624,6.58,100
191726836506,6.58,100
0196566218017,10.77,100
0196566217430,10.77,75
0196566178496,10.77,100
191726806615,11.12,100
0196566426856,11.96,100
0191726784838,11.96,100
0196566427501,13.17,100
0196566427440,10.77,45
0196566448766,13.17,64
0196566195387,13.76,100
0196566195417,13.76,100
0196566195424,20.94,41
0196566195455,20.94,100
0196566195509,47.26,100
0196566195530,47.26,100
191726919445,9.67,100
850031949683,4.46,100
850031949874,4.46,100
850031949331,3.05,100
850068290161,3.36,100
850068290192,3.36,100
850031949973,15.23,39
850068290000,43.31,73
850068290017,9.01,100
850068290178,11.17,100
850068290154,11.17,100
3555801358012,3.32,100
3555801358531,3.32,100
5021813205937,1.55,96
5021813206866,1.55,96
5056588601103,4.66,21
5056588600830,5.12,3
5029736080914,5.21,100
5029736080921,8.98,5
5029736080945,16.7,3
5029736080952,26.91,8
4895240700041,1.42,100
4895240700058,2.21,100
4895240700065,1.86,100
4895240700072,1.86,100
4895240700447,2.06,100
4895240700218,2.61,100
4895240702243,4.52,100
6944588240059,12.9,94
6944588240080,6.9,96
6944588240110,15.1,91
6944588240127,4.75,36
6944588240172,18.1,77
6944588240189,18.1,72
6944588240196,12.9,96
6944588240318,3,100
6944588240356,3,100
6920773381882,1.35,100
6920773381899,1.35,100
6920773381905,1.35,100
6920773381912,1.35,97
6920773381929,1.35,100
6920773381936,1.35,100
6920773381448,2.7,100
6920773381462,2.7,100
6920773381479,2.7,95
6920773381486,2.7,100
6920773381493,2.7,100
6920773381509,2.7,100
6920773381516,2.7,50
6920773381523,2.7,100
6920773382247,3.2,100
6920773382254,3.2,100
6920773382261,3.2,100
6920773382278,3.2,100
6920773382322,2.7,100
6920773382339,2.7,100
6920773382346,2.7,100
6920773382353,2.7,100
6920773382483,2.61,100
6920773382490,2.61,78
6920773382506,2.61,100
6920773382513,2.61,100
6920773382643,6.63,100
6920773382568,3.25,100
6920773382575,3.25,67
6920773382582,3.25,100
6920773382650,6.63,100
0603154030178,11.29,100
671803559059,4.39,100
5055394027091,10.84,100
5055394027107,4.62,100
5055394027114,11.12,70
5055394027121,11.12,100
5055394027138,12.87,100
5055394027152,27.13,69
5055394027176,31.2,100
671803568815,4.39,3
5036905042246,7.05,28
5036905042253,7.05,78
5055394010482,16.21,1
5055394011113,16.21,7
5055394015326,12.34,10
8436598030846,33.66,100
8436598030860,38.24,69
8436598032352,17.2,21
8436598032529,33.66,64
8436598032536,13.76,4
8436598032727,29.33,94
8436598032888,29.33,100
8436598034202,28.35,100
8436598035032,38.36,100
8436536809725,32.13,100
8436536809749,52.39,12
8436598034646,18.59,100
